seed_id,seed_title,rec_1_title,rec_1_label,rec_1_score_10,rec_1_reason,rec_2_title,rec_2_label,rec_2_score_10,rec_2_reason,rec_3_title,rec_3_label,rec_3_score_10,rec_3_reason,rec_4_title,rec_4_label,rec_4_score_10,rec_4_reason,rec_5_title,rec_5_label,rec_5_score_10,rec_5_reason,rec_6_title,rec_6_label,rec_6_score_10,rec_6_reason,rec_7_title,rec_7_label,rec_7_score_10,rec_7_reason,rec_8_title,rec_8_label,rec_8_score_10,rec_8_reason,rec_9_title,rec_9_label,rec_9_score_10,rec_9_reason,rec_10_title,rec_10_label,rec_10_score_10,rec_10_reason,rec_11_title,rec_11_label,rec_11_score_10,rec_11_reason,rec_12_title,rec_12_label,rec_12_score_10,rec_12_reason,rec_13_title,rec_13_label,rec_13_score_10,rec_13_reason,rec_14_title,rec_14_label,rec_14_score_10,rec_14_reason,rec_15_title,rec_15_label,rec_15_score_10,rec_15_reason
20954,A Silent Voice,Your lie in April,2,9,Both feature teen protagonists dealing with loss of a sense (hearing) and use music as a path to emotional healing.,given,2,9,"Centers on a deaf/traumatized teen finding connection through music, mirroring A Silent Voice's disability and redemption themes.","Josee, the Tiger and the Fish",2,8,"Explores a romance between a able‑bodied youth and a physically disabled girl, focusing on rehabilitation and emotional growth.",The Anthem of the Heart,2,8,"Protagonist loses her voice after trauma, undergoing rehabilitation and confronting past guilt, similar to Shouya's remorse.",Anohana: The Flower We Saw That Day,2,8,"Teen group deals with guilt and loss after a tragic accident, emphasizing redemption and coming‑of‑age.",Clannad: After Story,2,7,"A deeply emotional slice‑of‑life drama about tragedy, family, and personal growth that resonates with A Silent Voice's tone.",Fruits Basket The Final Season,2,7,"Shares themes of trauma, rehabilitation, and coming‑of‑age within a teen ensemble, though set in a supernatural context.",I Want to Eat Your Pancreas,1,6,"Focuses on a terminal illness and the impact on a teen relationship, offering a similar bittersweet emotional core.",5 Centimeters per Second,1,6,"A poignant teen romance with time‑skip and tragedy, echoing the melancholy of A Silent Voice.",ReLIFE,1,5,"Features a protagonist undergoing a rehabilitation‑style program to relive high‑school life, touching on regret and growth.",Anohana the Movie: The Flower We Saw That Day,1,5,"Movie version of Anohana, delivering the same themes of guilt, friendship, and emotional healing.",Tokyo Ghoul,1,4,"Explores a teen’s dark transformation after trauma, offering a grittier take on alienation and self‑acceptance.",Kimi ni Todoke: From Me to You Season 3,1,4,"A gentle teen romance about overcoming social anxiety, aligning loosely with the school‑life aspect.",BEASTARS,1,4,"Depicts social hierarchy and personal insecurity in a school setting, though with an anthropomorphic twist.",My Teen Romantic Comedy SNAFU TOO!,1,4,"Shows a cynical teen navigating social dynamics and personal growth, providing a lighter counterpart to A Silent Voice."
20613,Akame ga Kill!,Berserk,2,9,"Dark medieval epic with brutal gore, anti‑hero swordplay and political betrayal mirroring Akame’s tone.",Attack on Titan,2,8,"Grim survival against an oppressive regime, high‑stakes combat and tragic revenge.",Tokyo Ghoul,2,8,"Tormented anti‑hero, graphic horror and secretive conspiracies in a modern dark fantasy.",Death Note,2,7,Psychological cat‑and‑mouse thriller featuring a charismatic anti‑hero wielding lethal power.,Danganronpa 3: The End of Hope’s Peak High School - Despair Arc,1,6,"Death‑game setting with murderous intrigue, tragedy and anti‑heroic characters.",Fullmetal Alchemist: Brotherhood,1,6,"Political conspiracy, moral ambiguity and tragic sacrifices in a fantasy world.",Fate/stay night [Heaven’s Feel] III. spring song,1,6,Dark supernatural conflict with anti‑hero motives and graphic violence.,Vampire Hunter D: Bloodlust,1,6,Gothic anti‑hero hunts monsters with swordplay and heavy violence in a bleak world.,JUJUTSU KAISEN,1,5,"Shounen action with curses, moral ambiguity and plenty of gore in a modern supernatural setting.",Puella Magi Madoka Magica,1,5,"Dark magical‑girl tragedy with anti‑heroic twists, brutal fate and psychological horror.",Made in Abyss: Dawn of the Deep Soul,1,5,"Harsh adventure with extreme gore, psychological terror and tragic survival.",Re:ZERO -Starting Life in Another World-,1,5,Time‑loop tragedy featuring a desperate protagonist facing brutal conspiracies.,Hunter x Hunter (2011),1,5,"Complex political arcs, dark battles and anti‑heroic characters with strategic violence.",The Promised Neverland,1,4,Suspenseful survival thriller with conspiracies and a grim tone similar to Akame’s world.,Angels of Death,1,4,"Survival horror with a female protagonist and deadly assassins in a bleak, violent setting."
6547,Angel Beats!,Little Busters!,2,9,"Key’s emotional drama with an ensemble cast and after‑life twist mirrors Angel Beats!’ blend of comedy, tragedy, and supernatural school setting.",JUJUTSU KAISEN,2,9,"Modern supernatural school battle series with ensemble cast, dark humor, and emotional stakes comparable to Angel Beats!.",Clannad,2,8,"Shares Key’s focus on teen ensemble, deep emotional arcs, and supernatural elements like ghosts and afterlife reflections.",Charlotte,2,8,"Features teen protagonists with special powers, tragic backstories, and a mix of comedy and drama akin to Angel Beats!’ tone.",Toilet-bound Hanako-kun,2,8,"School‑based ghost story blending comedy, tragedy, and after‑life mythology, echoing Angel Beats!’ setting and tone.",Mob Psycho 100,1,6,"Supernatural teen series balancing humor, action, and personal growth, though lacking the after‑life premise.",Fullmetal Alchemist: Brotherhood,1,6,"Ensemble‑driven tragedy with supernatural powers and strong character bonds, similar emotional depth.",Shakugan no Shana,1,5,"Action‑filled supernatural school battles with humor and drama, offering a comparable energetic vibe.",Tokyo Ghoul,1,5,"Dark supernatural teen drama exploring identity and tragedy, resonating with Angel Beats!’ emotional intensity.",My Hero Academia,1,5,"Super‑power school setting with ensemble cast and coming‑of‑age themes, matching the energetic side of Angel Beats!.",Demon Slayer: Kimetsu no Yaiba,1,5,"Intense supernatural action with tragic family loss and strong emotional core, appealing to Angel Beats! fans.",Attack on Titan,0,3,Post‑apocalyptic battle series with high stakes but limited thematic overlap with Angel Beats!.,Death Note,0,2,"Psychological thriller focused on moral games, offering little similarity to Angel Beats!’ after‑life school setting.",Lucifer and the Biscuit Hammer,0,2,"Surreal supernatural adventure with philosophical themes, but lacks the school/after‑life focus.",DAN DA DAN,0,2,"Quirky supernatural comedy with ghosts and youkai, yet its tone and premise differ markedly from Angel Beats!."
20755,Assassination Classroom,Assassination Classroom Second Season,2,10,"Direct continuation of the same story, extending the class‑3E vs. Koro‑sensei plot.",Angel Beats!,2,8,"Shares the school setting, teen ensemble, supernatural conflict and a blend of comedy and drama.",Ansatsu Kyoushitsu: Jump Festa 2013 Special,2,7,"A special episode from the same franchise, offering extra jokes and character moments.",Mob Psycho 100,2,7,"Features a super‑powered teen protagonist, comedic tone and school‑based antics similar to Assassination Classroom.",Mob Psycho 100 II,1,6,"Sequel to Mob Psycho 100, continuing the mix of action, humor and teenage supernatural abilities.",Charlotte,1,6,"Teen ensemble with unique powers, emotional stakes and a blend of comedy and tragedy.",DAN DA DAN,1,6,"Combines school life, supernatural foes and absurd comedy, echoing the chaotic vibe of Assassination Classroom.",DAN DA DAN Season 2,1,5,"Second season of DAN DA DAN, extending the same quirky supernatural‑school formula.",Dandadan 3rd Season,1,5,"Third season of Dandadan, keeping the high‑energy assassin‑versus‑monster premise.",Bungo Stray Dogs,1,5,Ensemble of super‑powered teens battling supernatural threats in a school‑adjacent setting.,SPY x FAMILY,1,5,"Features an assassin protagonist and comedic family dynamics, appealing to fans of quirky action.",Mob Psycho 100 III,1,4,"Third season of Mob Psycho 100, offering more surreal comedy and teen super‑power drama.",Shakugan no Shana,1,4,"School‑based supernatural battles with an anti‑hero lead, similar in tone to Assassination Classroom.",Toilet-bound Hanako-kun,1,4,"Combines school life, ghosts and comedic drama, matching the series’ blend of humor and the supernatural.",Scissor Seven Season 4,1,4,"Focuses on assassins and comedic action, providing a thematically related but non‑school experience."
16498,Attack on Titan,Attack on Titan Season 2,2,10,"Season 2 continues the story directly after the events of the seed, expanding the Titan conflict and character arcs.",Attack on Titan Season 3,2,9,Season 3 picks up the plot with deeper conspiracies and the battle for humanity’s secrets.,Attack on Titan Season 3 Part 2,2,9,Season 3 Part 2 concludes the arc with the retaking of Shiganshina and major revelations.,Attack on Titan Final Season,2,9,"Final Season advances the war beyond the walls, showing Eren’s drastic new powers.",Attack on Titan Final Season Part 2,2,8,Final Season Part 2 intensifies the global conflict and explores the consequences of Eren’s actions.,Attack on Titan Final Season THE FINAL CHAPTERS Special 1,2,8,"The special episode offers exclusive footage and a bridge to the final arc, enriching the narrative.",Fullmetal Alchemist: Brotherhood,2,8,"Fullmetal Alchemist: Brotherhood shares military intrigue, tragic stakes, and moral dilemmas akin to AoT.",Attack on Titan: Lost Girls,2,7,"Lost Girls provides an alternate perspective focusing on Annie and Mikasa, deepening the lore.",Attack on Titan ~Chronicle~,1,6,"Chronicle compiles the first three seasons, useful for catching up on the core story.",Seraph of the End: Vampire Reign,1,6,"Seraph of the End features a post‑apocalyptic world, military factions, and revenge‑driven plot similar to AoT.",NieR:Automata Ver1.1a,1,6,"NieR:Automata presents a dystopian, post‑human war with philosophical themes and intense action.",Wolf's Rain,1,5,"Wolf's Rain follows survivors in a bleak future, emphasizing survival and hidden identities.",Land of the Lustrous,1,5,Land of the Lustrous offers a post‑apocalyptic setting with memory manipulation and existential conflict.,Demon Slayer -Kimetsu no Yaiba- The Movie: Mugen Train,1,5,"Demon Slayer’s Mugen Train arc delivers high‑stakes battles, tragedy, and a teen‑centered cast.",JUJUTSU KAISEN,1,4,"Jujutsu Kaisen delivers supernatural battles, a teen ensemble, and dark themes resonating with AoT’s tone."
110277,Attack on Titan Final Season,Attack on Titan Final Season THE FINAL CHAPTERS Special 1,2,10,"Direct continuation of the Final Season, showing Eren's ultimate power and the climax of the war.",Attack on Titan Final Season THE FINAL CHAPTERS Special 2,2,10,"Concludes the final battle and directly follows Special 1, wrapping up the story.",Attack on Titan Final Season Part 2,2,9,"Final Season Part 2 is the next episode arc after the seed, continuing the same plotline.",Attack on Titan Season 3 Part 2,2,9,Season 3 Part 2 continues the narrative that leads directly into the Final Season.,Attack on Titan Season 3,2,8,"Season 3 deepens the political intrigue, war, and tragedy that define the series.",Fullmetal Alchemist: Brotherhood,2,8,"Fullmetal Alchemist: Brotherhood shares war, tragedy, anti‑hero themes and complex politics similar to AOT.",Attack on Titan Season 2,2,7,Season 2 expands the Titan mystery and introduces key conspiracies that shape the later story.,Attack on Titan,2,7,"Season 1 establishes the world, Titans, and survival horror that form the series' core.",NieR:Automata Ver1.1a,2,7,"NieR:Automata offers post‑apocalyptic war, anti‑hero protagonists and philosophical tragedy akin to AOT's tone.",Wolf's Rain,1,6,"Wolf's Rain features dystopian survival, shapeshifting wolves and a bleak world reminiscent of AOT.",Made in Abyss: Dawn of the Deep Soul,1,6,"Made in Abyss: Dawn of the Deep Soul delivers intense survival, tragedy and hidden horrors similar in mood.",The Case Study of Vanitas,1,6,"The Case Study of Vanitas provides dark fantasy, anti‑hero vampire and conspiracy elements.",Lord of Mysteries,1,5,"Lord of Mysteries blends steampunk conspiracy, cosmic horror and an anti‑hero journey.",Land of the Lustrous,1,5,Land of the Lustrous presents existential post‑apocalyptic conflict with shapeshifting beings.,Tokyo Ghoul,1,5,"Tokyo Ghoul explores anti‑hero survival, tragedy and societal conflict in a dark setting."
20958,Attack on Titan Season 2,Attack on Titan Season 3,2,10,"Direct continuation of the story after Season 2, advancing the plot and characters.",Attack on Titan Season 3 Part 2,2,9,"Second half of Season 3, picking up exactly where Part 1 left off.",Attack on Titan Final Season,2,9,"Continues after Season 3, showing the war and Eren’s new role in the series.",Attack on Titan Final Season Part 2,2,8,"Second part of the Final Season, further developing the climax of the saga.",Attack on Titan Final Season THE FINAL CHAPTERS Special 1,2,8,"Special episode bridging the Final Season arcs, deepening the concluding storyline.",Attack on Titan Final Season THE FINAL CHAPTERS Special 2,2,8,Second special episode that concludes the Final Season narrative.,Attack on Titan: Lost Girls,2,7,"OVA focusing on Annie, offering extra perspective within the same world.",Attack on Titan: The Roar of Awakening,1,6,"Compilation film summarizing Season 2 events, useful as a refresher.",Seraph of the End: Vampire Reign,1,6,Post‑apocalyptic vampire war with military themes similar to the Titans conflict.,NieR:Automata Ver1.1a,1,6,"Post‑apocalyptic sci‑fi with existential war and androids, echoing AOT’s bleak tone.",Land of the Lustrous,1,6,"CGI series about crystalline beings battling alien threats, sharing survival and tragedy.",Demon Slayer -Kimetsu no Yaiba- The Movie: Mugen Train,1,6,"Dark fantasy with monster hunters on a train, matching AOT’s intense action and tragedy.",Attack on Titan ~Chronicle~,1,5,"Compilation movie covering the first three seasons, providing broader context.",Wolf's Rain,1,5,"Post‑apocalyptic tale of wolves seeking paradise, similar survival and shapeshifting motifs.",The Case Study of Vanitas,1,5,"Gothic supernatural series with conspiracies and a tragic anti‑hero, resonating with AOT’s dark themes."
99147,Attack on Titan Season 3,Attack on Titan Final Season,2,10,"Continues the story directly after Season 3, following Eren's new powers and the war.",Attack on Titan Season 3 Part 2,2,9,"Picks up the political arc’s climax and the Shiganshina battle, the immediate next episodes of the same season.",Attack on Titan Final Season Part 2,2,8,"Further continuation of the final season, deepening the conflict introduced in Season 3.",Attack on Titan Final Season THE FINAL CHAPTERS Special 1,2,7,"Special episode that bridges the final season’s climax, offering extra context for fans.",Fullmetal Alchemist: Brotherhood,2,7,"Shares military conspiracy, tragic sacrifices, and philosophical themes of power and truth.",Attack on Titan,1,6,"The origin of the world and characters, essential background for Season 3 viewers.",Attack on Titan Season 2,1,5,Expands the mystery of the Titans and introduces key plot elements leading to Season 3.,Attack on Titan: Lost Girls,1,5,"OVA focusing on side characters, provides extra character depth in the same setting.",Seraph of the End: Vampire Reign,1,5,"Post‑apocalyptic setting with military factions, revenge motives, and supernatural enemies.",Lord of Mysteries,1,5,"Victorian‑steampunk conspiracy and magic, appealing to fans of AOT’s political intrigue.",NieR:Automata Ver1.1a,1,5,"Dystopian world, existential tragedy, and large‑scale battles reminiscent of AOT’s tone.",The Case Study of Vanitas,1,4,"Dark fantasy with conspiracy, tragedy, and anti‑hero protagonists similar to AOT’s atmosphere.",Land of the Lustrous,1,4,"Post‑apocalyptic world, shapeshifting beings, and philosophical musings on survival.",Made in Abyss: Dawn of the Deep Soul,1,4,"Harsh adventure with deep tragedy and mystery, matching AOT’s grim stakes.",Wolf's Rain,0,3,"Features shapeshifting wolves in a dystopian quest, but differs in tone and style, offering only a distant thematic echo."
104578,Attack on Titan Season 3 Part 2,Attack on Titan Final Season Part 2,2,10,"Direct continuation of the story, picking up immediately after Season 3 Part 2.",Attack on Titan Final Season,2,9,"First half of the Final Season, extending the epic conflict introduced in Season 3.",Attack on Titan Season 3,2,8,"Full Season 3 arc that directly precedes the Final Season, providing essential context.",Attack on Titan Season 2,2,8,Deepens the conspiracy and military intrigue that culminate in Season 3.,Attack on Titan,2,8,"Establishes the world, Titans and core themes that drive later seasons.",Seraph of the End: Vampire Reign,1,6,Post‑apocalyptic war and militaristic struggle similar to AoT’s setting.,Tokyo Ghoul,1,6,Dark urban fantasy with survival and anti‑hero themes echoing AoT’s tone.,NieR:Automata Ver1.1a,1,6,"Post‑apocalyptic sci‑fi action exploring existential war, resonating with AoT’s bleak atmosphere.",Wolf's Rain,1,6,"Survival‑focused post‑apocalyptic tale with shapeshifting wolves, thematically parallel to AoT.",Land of the Lustrous,1,5,"CGI‑driven post‑apocalyptic drama about fragile beings fighting for survival, echoing AoT’s existential dread.",Made in Abyss: Dawn of the Deep Soul,1,5,"Dark adventure with high stakes and tragic sacrifices, matching AoT’s intensity.",The Case Study of Vanitas,1,5,"Gothic fantasy with conspiracies and anti‑hero vampires, appealing to AoT fans of mystery.",Attack on Titan: Lost Girls,1,5,OVA focusing on Annie expands the AoT universe with familiar tone.,Demon Slayer -Kimetsu no Yaiba- The Movie: Mugen Train,1,5,High‑stakes battle on a moving train with tragic tone similar to AoT’s intense combat.,Tower of God,1,5,Ensemble cast climbing a mysterious tower with conspiracy and survival elements reminiscent of AoT.
97940,Black Clover,Black Clover Season 2,2,10,Direct continuation of Black Clover's story.,Black Clover: Sword of the Wizard King,2,9,Feature film expanding Black Clover lore with new wizard‑king conflict.,Fairy Tail,2,8,Magic guild with strong found‑family ensemble mirrors Black Clover.,JUJUTSU KAISEN,2,8,"Dark magical shounen where curses and demons drive battles, appealing to Black Clover fans.",My Hero Academia,2,8,School of super‑powers and ensemble cast gives comparable shounen vibe.,Hunter x Hunter (2011),2,8,Complex power system and adventure focus resonate with Black Clover’s magic battles.,Naruto: Shippuden,2,7,Orphan hero with revenge drive and shounen action comparable to Asta.,ONE PIECE,2,7,"Pirate adventure with a found‑family crew in a fantasy world, akin to Black Clover’s camaraderie.",The Seven Deadly Sins,2,7,Demon‑filled magic battles and diverse cast align closely with Black Clover.,Attack on Titan,2,7,"Intense battles, power scaling and dark fantasy themes similar to Black Clover’s later arcs.",Demon Slayer: Kimetsu no Yaiba,1,6,Demon‑hunting orphan seeking revenge shares dark magic and determination.,The Seven Deadly Sins: Revival of the Commandments,1,6,Direct sequel deepening demon‑lord themes from the original series.,That Time I Got Reincarnated as a Slime,1,6,Reincarnated protagonist builds a magical kingdom with a found‑family crew.,Fullmetal Alchemist: Brotherhood,1,5,Alchemy as a magic system and shounen camaraderie resemble Black Clover.,The Boy and the Beast,1,5,Orphan finds mentor and surrogate family in a fantastical world.
269,Bleach,BLEACH: Thousand-Year Blood War,2,10,"Direct continuation of Bleach with the same world, characters, and expanded power battles.",BLEACH: Thousand-Year Blood War - The Separation,2,9,"Second cour of the Thousand-Year Blood War arc, deepening the conflict and adding new abilities.",JUJUTSU KAISEN,2,9,"Modern shounen with curses, exorcism, and ensemble battles mirroring Bleach’s spirit‑fighting premise.",Bleach the Movie: The DiamondDust Rebellion,2,8,Standalone Bleach film focused on swordplay and supernatural intrigue in Soul Society.,Yu Yu Hakusho: Ghostfiles,2,8,"Teen spirit detective battling demons and navigating the afterlife, a classic counterpart to Bleach.",Demon Slayer: Kimetsu no Yaiba,2,8,"Sword‑wielding teen hunts demons in a supernatural world, sharing intense combat and tragic tone.",SHAMAN KING (2021),2,7,"Shaman who communes with spirits and battles other spirit‑users, echoing Bleach’s exorcism fights.",Twin Star Exorcists,2,7,"Twin exorcists fighting demons and protecting humanity, similar afterlife combat.",Soul Eater,2,7,"Shinigami‑training school with weapon partners, offering comparable supernatural battles.",Naruto: Shippuden,2,7,"Long‑running shounen featuring ninja powers, ensemble cast, and high‑stakes supernatural foes.",JoJo's Bizarre Adventure: Diamond is Unbreakable,1,6,Unique Stand abilities and diverse cast appeal to Bleach fans seeking varied powers.,Fullmetal Alchemist: Brotherhood,1,5,Alchemy‑based powers and a war‑torn world provide a mature supernatural adventure akin to Bleach’s deeper arcs.,Hunter x Hunter (2011),1,5,Complex power system and strategic tournament arcs give a shounen experience similar to Bleach’s battles.,Attack on Titan,1,5,"Dark, high‑stakes combat against monstrous foes with memory manipulation themes resonating with Bleach’s later arcs.",Tokyo Ghoul,1,4,"Gritty urban fantasy about a teen gaining supernatural powers and struggling with identity, a darker counterpart to Bleach."
9919,Blue Exorcist,Blue Exorcist: Kyoto Saga,2,9,Direct sequel film continuing Rin and Yukio’s battles against demons.,JUJUTSU KAISEN,2,9,"Urban‑fantasy shounen where cursed spirits are exorcised, mirroring Blue Exorcist’s demon fights.",Blue Exorcist -Shimane Illuminati Saga-,2,8,New TV season expanding the True Cross Academy’s demon‑world conflict.,Blue Exorcist -The Blue Night Saga-,2,8,Continuation arc that deepens the brothers’ origins and demon lore.,Twin Star Exorcists,2,8,Exorcism‑focused shounen with twin protagonists and a supernatural school setting.,Demon Slayer: Kimetsu no Yaiba,2,8,Demon‑hunting teen protagonist and intense supernatural battles similar to Ao No Exorcist.,Soul Eater,2,8,"School of weapon meisters fighting demons, sharing exorcism themes and teen ensemble.",Blue Exorcist -Beyond the Snow Saga-,2,7,OVA sequel exploring darker aspects of the Knights of the True Cross.,Blue Exorcist: The Movie,2,7,Feature film set in the same universe with a unique time‑manipulation plot.,Beyond the Boundary,1,6,"Urban fantasy with teen exorcists and supernatural powers, though tone is more dramatic.",Shakugan no Shana,1,6,High‑schooler battles flame‑wielding demons in a similar urban‑fantasy setting.,Fullmetal Alchemist: Brotherhood,1,5,Brotherly bond and dark themes echo Blue Exorcist’s core.,Devilman: The Birth,1,5,Dark demon‑war story offering a grittier counterpart.,Seraph of the End: Vampire Reign,1,5,"Post‑apocalyptic setting with demons and intense action, appealing to fans of demon battles.",My Hero Academia,1,5,"Super‑power school drama with a teen cast, providing a lighter but thematically related experience."
127230,Chainsaw Man,Devilman Crybaby,2,9,"Shares demonic body‑horror, anti‑hero tone, and urban tragedy similar to Chainsaw Man.",Tokyo Ghoul,2,9,"Urban monster‑boy premise, graphic gore, and tragic anti‑hero arc echo Chainsaw Man.",JUJUTSU KAISEN,2,8,"Modern urban curses, gritty battles, and demonic antagonists match Chainsaw Man’s vibe.",Gantz,2,8,Extreme gore and death‑game with supernatural enemies parallel Chainsaw Man’s brutality.,Wicked City,2,8,Noir‑style urban fantasy featuring demon‑human conflict and visceral body‑horror.,AKIRA (Shin Anime),2,7,"Cyberpunk dystopia, anti‑hero delinquent, and graphic violence match Chainsaw Man’s gritty tone.",JoJo's Bizarre Adventure,2,7,"Over‑the‑top supernatural powers, body‑horror battles, and flamboyant anti‑hero action.",Berserk,2,7,Dark medieval anti‑hero story with graphic violence and demonic foes.,X,2,7,"Cosmic horror, supernatural battles, and tragic urban fantasy align with Chainsaw Man’s themes.",Zetman,2,7,"Urban superhero with shapeshifting, body‑horror, and anti‑hero struggles.",Death Note,1,6,Anti‑hero mastermind and moral ambiguity provide a dark psychological parallel.,Elfen Lied,1,6,"Body‑horror, tragic anti‑hero, and supernatural powers create a comparable atmosphere.",Kabaneri of the Iron Fortress,1,6,"Post‑apocalyptic monster threat, survival gore, and bleak tone resemble Chainsaw Man.",Chainsaw Man: Shikaku-hen,1,5,Continuation of Chainsaw Man expands devil‑hunting and urban conflict for fans.,Dark Cat,1,5,"Shapeshifting demons, urban horror, and body‑horror echo Chainsaw Man’s themes."
1575,Code Geass: Lelouch of the Rebellion,Code Geass: Lelouch of the Rebellion R2,2,10,"Direct sequel continuing Lelouch’s story with the same characters, politics and Knightmare battles.",Code Geass: Lelouch of the Re;surrection,2,9,"Film sequel set after the Zero Requiem, expanding political intrigue and anti‑hero tactics.",Code Geass: Rozé of the Recapture,2,8,Spin‑off in the same Britannian universe focusing on Knightmare warfare and conspiracies.,Mobile Suit GUNDAM Iron Blooded Orphans,2,8,"Features an anti‑hero lead, child soldiers, gritty war politics and real‑robot combat similar to Code Geass.",Eureka Seven,2,7,"Mecha series with rebellion, class struggle and a charismatic protagonist challenging a militaristic regime.",Gurren Lagann,2,7,"Over‑the‑top rebellion against oppressive forces using giant robots, echoing Code Geass’s revolt theme.",86 EIGHTY-SIX,1,6,"Shows class‑based oppression and war‑torn politics with mecha combat, resonating with Code Geass’s themes.",Guilty Crown,1,6,"Anti‑hero protagonist, terrorist groups and mecha battles in a dystopian Japan.",Mobile Suit Gundam UC,1,6,Conspiracy‑driven plot centered on a powerful mobile suit and political machinations.,Armored Trooper Votoms,1,5,"Lone soldier in a corrupt war, offering anti‑hero realism and gritty mech action.",Neon Genesis Evangelion,1,5,"Psychological mecha drama exploring trauma, existential war and secret organizations.",Akudama Drive,1,5,Anti‑hero criminals in a dystopian city with high‑stakes political intrigue.,Vivy -Fluorite Eye's Song-,1,5,"AI protagonist rewrites history to prevent a future war, blending sci‑fi, politics and mecha elements.",Code Geass: Lelouch of the Rebellion I - Initiation,1,5,"Theatrical remake of the original series, offering a fresh retelling for fans.",Code Geass: Lelouch of the Rebellion II - Transgression,1,4,"Second part of the film trilogy, continues the story with updated animation."
1,Cowboy Bebop,Cowboy Bebop: The Movie - Knockin' on Heaven's Door,2,10,"Direct movie continuation with the same crew, tone, and noir‑style bounty hunting.",Trigun,2,9,"Space‑western featuring a gun‑slinging anti‑hero, episodic travel and philosophical musings.",Vampire Hunter D: Bloodlust,2,8,"Lone, morally ambiguous bounty hunter in a post‑apocalyptic sci‑fi setting, echoing Bebop’s contracts.",Casshern Sins,2,8,"Wandering amnesiac anti‑hero confronting existential questions in a bleak, episodic world.",Cyberpunk: Edgerunners,2,7,Cyber‑noir crime drama with a tragic anti‑hero and gritty futuristic backdrop.,PLUTO,2,7,"Sci‑fi mystery with a detective‑type protagonist, philosophical themes and noir atmosphere.",Captain Harlock Space Pirate,2,7,"Space‑pirate crew adventure that delivers episodic missions and a gritty, noir‑ish tone.",Eureka Seven,1,6,Space‑flight setting with found‑family dynamics and philosophical undercurrents similar to Bebop.,Turn A Gundam,1,5,"Post‑apocalyptic backdrop, ensemble cast and reflective tone that echo Bebop’s mood.",A Wind Named Amnesia,1,5,"Lone wanderer in a devastated world exploring philosophy and tragedy, akin to Bebop’s lone contracts.",Star Blazers: The Quest for Iscandar,1,5,Classic space‑opera with episodic missions and a strong ensemble feel.,Mobile Suit Gundam Wing,1,5,"Space‑based rebel ensemble with political drama and action, offering a lighter Bebop‑like vibe.",Death Note,1,5,"Anti‑hero thriller with noir atmosphere, moral philosophy and crime‑driven plot.",Gun x Sword,1,5,"Gun‑heavy anti‑hero on an episodic revenge quest, matching Bebop’s blend of action and melancholy.",Cowboy Bebop: Yoseatsume Blues,1,4,Extra Cowboy Bebop episode that captures the series’ style and themes.
99423,DARLING in the FRANXX,Neon Genesis Evangelion,2,10,"Shares teen pilot mecha, dystopian world, deep psychosexual and existential themes.",Neon Genesis Evangelion: The End of Evangelion,2,9,"Concludes Evangelion with intense psychological resolution, mirroring FRANXX’s tragic climax.",Guilty Crown,2,9,"Dystopian future, teen pilots, romance, conspiracies, and tragic sacrifices.",Eureka Seven,2,8,"Teen pilot romance, cohabitation, rebel mecha group, coming‑of‑age tone.",Gurren Lagann,2,8,"Rebellious teen crew, super‑robot battles, post‑apocalyptic setting, growth arcs.",RahXephon,2,8,Psychological mecha with memory manipulation and post‑apocalyptic mood.,Mobile Suit Gundam Seed Destiny,2,8,"Teen pilots in a war of factions, romance and conspiracy in a dystopian future.",Mobile Suit Gundam SEED FREEDOM,2,7,"Continuation of SEED’s political intrigue, romance, and advanced mecha.",Evangelion: 2.0 You Can (Not) Advance,2,7,Rebuild film expands Evangelion’s teen‑pilot drama with modern animation.,Muv-Luv Alternative,2,7,"Humanity vs alien invaders, teen pilots, tragic sacrifices, intense mecha.",Blue Gender,1,6,Post‑apocalyptic world where survivors pilot mecha against monstrous threats.,Attack on Titan,1,6,"Humanity’s fight against monstrous Titans, teen protagonists, dystopian society.",Macross,1,6,Mecha combat intertwined with music‑driven romance in a war‑torn future.,Fullmetal Alchemist: Brotherhood,1,5,"Themes of loss, conspiracy, and brotherly bonds in a world of alchemical war.",Aquarion EVOL,1,5,"Super‑robot battles, love triangles, teen pilots in a sci‑fi setting."
1535,Death Note,Monster,2,9,Both are dark psychological thrillers featuring a cat‑and‑mouse chase between a brilliant anti‑hero and a determined detective.,Paranoia Agent,2,8,"Shares the same blend of supernatural mystery, philosophical questions, and detective investigation with a surreal edge.",The Future Diary,2,7,A death‑game thriller with a god‑like figure and a lone protagonist forced into a deadly mind game.,ERASED,2,7,"Combines time‑travel mystery, crime solving, and a morally complex protagonist in a suspenseful thriller.",Death Note: Relight,1,6,A condensed movie version of Death Note that retells the core cat‑and‑mouse conflict from a new perspective.,Death Parade,1,6,"Explores philosophical ideas about death and morality in an episodic, supernatural courtroom setting.",B: The Beginning,1,6,"Features a detective battling a mysterious, supernaturally powered criminal organization.",PLUTO,1,6,A sci‑fi detective story that delves into memory manipulation and ethical dilemmas similar to Death Note.,BABYLON,1,5,Political conspiracy and philosophical crime drama that appeals to fans of cerebral thrillers.,Terror in Resonance,1,5,"Centers on anti‑heroic terrorists and a tense investigative cat‑and‑mouse, echoing Death Note’s moral conflict.",KOKKOKU,1,5,Dark urban fantasy with a conflicted anti‑hero and investigative police work in a supernatural setting.,Higurashi: When They Cry - GOU,1,5,Psychological horror mystery with supernatural elements and a relentless investigative narrative.,Another,1,4,Features a cursed school and a mystery‑driven plot that mirrors Death Note’s tension and supernatural dread.,Talentless Nana,1,4,"Shows an anti‑hero with deadly powers in a secretive school, blending mystery and psychological thriller.",ODDTAXI,1,4,A noir‑style detective tale with philosophical undertones and a focus on crime and moral ambiguity.
20931,Death Parade,Death Billiards,2,10,Direct prequel set in the same bar with identical death‑game premise.,Death Note,2,9,Explores moral judgment over life and death with supernatural stakes and psychological tension.,The Future Diary,2,8,Features a high‑stakes death game and intense psychological drama similar to Death Parade's contests.,Danganronpa 3: The End of Hope’s Peak High School - Despair Arc,2,8,"Centers on a deadly survival game judged by unseen forces, echoing afterlife judgment themes.",Platinum End,2,7,Combines death‑game mechanics with philosophical questions about existence and the afterlife.,Paranoia Agent,1,6,Episodic psychological thriller with memory manipulation and surreal supernatural elements.,Serial Experiments Lain,1,6,"Delves into existential philosophy and identity, resonating with Death Parade's introspection.",Monster,1,6,Dark psychological thriller about moral ambiguity and the value of human life.,Hell Girl,1,6,"Episodic afterlife anthology where souls face judgment, mirroring Death Parade's premise.",ERASED,1,6,"Protagonist relives deaths to prevent tragedy, sharing themes of redemption and memory manipulation.",From the New World,1,5,"Philosophical sci‑fi with supernatural powers and moral dilemmas, appealing to Death Parade fans.",Shigofumi,1,5,"Anthology about letters from the dead, exploring afterlife and personal regrets.",Higurashi: When They Cry - GOU,1,5,Looping tragedies and intense psychological tension echo existential stakes.,Another,1,4,Supernatural curse causing repeated deaths creates a tragic atmosphere comparable to the series.,Junji Ito Maniac: Japanese Tales of the Macabre,1,4,"Anthology of macabre stories that blend horror, philosophy, and supernatural dread."
112151,Demon Slayer -Kimetsu no Yaiba- The Movie: Mugen Train,Demon Slayer: Kimetsu no Yaiba,2,10,"The original TV series continues the story from the movie, expanding the world and characters.",Demon Slayer: Kimetsu no Yaiba Entertainment District Arc,2,9,"Direct sequel arc with new powerful demons and intense sword battles, maintaining the dark tone.",Demon Slayer: Kimetsu no Yaiba Swordsmith Village Arc,2,8,"Follows the Entertainment District, introducing fresh threats and emotional stakes.",Demon Slayer: Kimetsu no Yaiba Mugen Train Arc,2,8,"TV adaptation of the same story as the movie, allowing binge‑watching with additional episodes.",JUJUTSU KAISEN,2,8,"Shares cursed spirits, sword‑like techniques, teen shounen vibe and high‑stakes supernatural battles.",Berserk,2,8,"Dark fantasy with brutal swordplay, demonic foes and tragic atmosphere similar to Demon Slayer’s harsher moments.",Demon Slayer: Kimetsu no Yaiba Hashira Training Arc,2,7,"Focuses on elite swordsmen training, offering deeper lore and brutal combat.",Attack on Titan,2,7,"Features humanity’s fight against monstrous beings, high‑stakes battles and a grim, loss‑laden narrative.",Hunter x Hunter (2011),1,6,"Offers adventurous shounen action, deep character growth and occasional deadly creatures akin to demons.",The Founder of Diabolism,1,6,"Incorporates demons, sword‑based combat and tragic anti‑hero themes reminiscent of Demon Slayer.",The Case Study of Vanitas,1,5,"Gothic supernatural setting with vampires and curses, delivering a somber tone comparable to Demon Slayer.",Seraph of the End: Vampire Reign,1,5,"Post‑apocalyptic world with demons and sword‑centric battles, blending action and tragedy.",Naruto: Shippuden,1,5,"Long‑running shounen with intense combat, demon‑like antagonists and themes of loss.",My Hero Academia,1,5,"Shounen series focused on super‑powered battles and growth, appealing to fans of action‑driven anime.",Lord of Mysteries,1,4,"Introduces cosmic and body horror elements plus a dark supernatural mystery, offering a different but thematically resonant experience."
101922,Demon Slayer: Kimetsu no Yaiba,Demon Slayer -Kimetsu no Yaiba- The Movie: Mugen Train,2,10,"Direct film continuation of the same story, featuring the same characters, tone, and demon‑slaying action.",Demon Slayer: Kimetsu no Yaiba Entertainment District Arc,2,9,"Next canonical arc after the movie, keeping the period setting, swordplay and dark supernatural threats.",Demon Slayer: Kimetsu no Yaiba Swordsmith Village Arc,2,9,"Another official arc that continues Tanjiro’s journey with similar themes of tragedy, demons and intense battles.",JUJUTSU KAISEN,2,9,"Jujutsu Kaisen shares demon‑fighting, curses, shounen spirit and a tragic teen‑cast atmosphere.",Demon Slayer: Kimetsu no Yaiba Hashira Training Arc,2,8,Hashira Training arc expands the same universe with more sword techniques and the same emotional stakes.,Fullmetal Alchemist: Brotherhood,2,8,"Fullmetal Alchemist: Brotherhood mirrors the brotherly bond, moral tragedy and high‑stakes supernatural combat.",Dororo,2,8,"Dororo features a period setting, demon contracts and a sword‑wielding protagonist on a revenge quest.",Attack on Titan,2,7,"Attack on Titan offers a similarly grim tone, massive monsters and a fight‑for‑survival narrative.",Berserk,2,7,"Berserk provides dark fantasy, brutal sword combat and tragic revenge, appealing to fans of Demon Slayer’s intensity.",Naruto: Shippuden,1,6,"Naruto: Shippuden shares shounen growth, orphan hero, and demon‑like antagonists, though with a lighter tone.",The Boy and the Beast,1,6,"The Boy and the Beast follows an orphan training under a powerful mentor, echoing Tanjiro’s mentor‑student dynamic.",To Your Eternity,1,6,"To Your Eternity presents a wandering protagonist, tragic encounters and supernatural evolution similar to Demon Slayer’s journey.",Seraph of the End: Vampire Reign,1,5,"Seraph of the End features vampires, demon‑like enemies and a revenge‑driven teen hero, aligning with core themes.",Tokyo Ghoul,1,5,"Tokyo Ghoul delivers dark urban fantasy, body horror and a conflicted teen protagonist battling monsters.",My Hero Academia,1,4,"My Hero Academia shares shounen hero training and super‑power battles, though with a more upbeat vibe."
142329,Demon Slayer: Kimetsu no Yaiba Entertainment District Arc,Demon Slayer: Kimetsu no Yaiba,2,9,"Original series that establishes the world, characters and demon‑slaying system.",Demon Slayer -Kimetsu no Yaiba- The Movie: Mugen Train,2,9,Direct prequel movie to the Entertainment District Arc with the same cast and stakes.,Demon Slayer: Kimetsu no Yaiba Swordsmith Village Arc,2,9,"Next canonical arc, continuing Tanjiro’s story and the series’ tone.",Demon Slayer: Kimetsu no Yaiba Hashira Training Arc,2,8,"Focuses on the Hashira, expanding lore and featuring many familiar fighters.",JUJUTSU KAISEN,2,8,"Modern shounen with curses, demon battles and intense sword‑style combat.",Twin Star Exorcists,2,7,"Exorcist duo versus demonic threats, offering comparable action and supernatural themes.",Berserk,1,6,"Dark fantasy with brutal swordplay and demonic foes, appealing to the gritty side of Demon Slayer.",The Seven Deadly Sins: Imperial Wrath of the Gods,1,6,Features demon antagonists and high‑octane battles in a fantasy setting.,Fate/Grand Order Absolute Demonic Front: Babylonia,1,5,Mythic demonic enemies and supernatural action similar to Demon Slayer’s tone.,The Founder of Diabolism,1,5,"Cultivation‑style story with demons and revenge, matching the supernatural combat vibe.",Dragon's Dogma,1,5,"Action‑heavy fantasy with demons and swordplay, resonating with Demon Slayer’s combat focus.",The Boy and the Beast,1,5,Mentor‑apprentice bond and supernatural battles echo the series’ emotional core.,Rage of Bahamut: Genesis,1,5,"Features demons, angels and epic battles in a medieval fantasy world.",Fate/strange Fake,1,5,"Urban fantasy with magical wars and demonic forces, offering a different but related setting.",My Hero Academia,1,5,Shounen series with super‑powered fights and a strong ensemble cast.
105333,Dr. STONE,Dr. STONE: STONE WARS,2,10,Direct sequel continuing the science‑driven post‑apocalyptic story.,Dr. STONE New World,2,9,Season 3 expands scientific exploration on new lands.,Dr. STONE New World Part 2,2,9,Second cour adds deeper world‑building and scientific challenges.,Fullmetal Alchemist: Brotherhood,2,9,Alchemy‑based science quest to restore humanity mirrors Dr. STONE's themes.,ONE PIECE,2,9,"Grand adventure of exploration and discovery with a diverse crew, appealing to Dr. STONE's love of travel and invention.",Dr. STONE SCIENCE FUTURE,2,8,"Introduces space travel, extending the series' scientific ambition.",Dr. STONE SCIENCE FUTURE Cour 2,2,8,Continues the lunar quest with new inventions.,Dr. STONE SCIENCE FUTURE Cour 3,2,7,"Concludes the space arc, wrapping up the saga.",Dr. STONE Special Episode – RYUSUI,2,7,"Focuses on Ryuusui, offering extra world‑building and tech.",Cells at Work!,1,6,"Anthropomorphic cells explain biology with humor, satisfying the educational curiosity.",Attack on Titan,1,5,Dark survival against overwhelming threats in a post‑apocalyptic world.,BIRTH,1,5,"Lost‑civilization sci‑fi adventure with ensemble survival, similar premise.",Desert Punk,1,5,Post‑apocalyptic comedy about survival and ingenuity in a harsh desert.,EDENS ZERO Season 2,1,4,Space‑faring shounen comedy focusing on discovery and teamwork.,My Hero Academia Season 4,1,4,"Ensemble of heroes developing powers, offering energetic shounen action."
21234,ERASED,Summer Time Rendering,2,10,Time‑loop mystery on an isolated island mirrors Erased's time‑travel crime‑prevention premise.,Paranoia Agent,2,9,Psychological supernatural crime series with ensemble detectives echoes Erased's dark atmosphere.,KOKKOKU,2,9,Female protagonist with urgent time‑manipulation mission shares thriller tone and high stakes.,Higurashi: When They Cry - GOU,2,8,Rural horror mystery with time manipulation and deadly secrets parallels Erased's tension.,Death Note,1,6,Cat‑and‑mouse supernatural thriller exploring moral dilemmas similar to Erased's suspense.,Monster,1,6,Adult psychological thriller of a doctor chasing a serial killer offers comparable investigative vibe.,ID: INVADED,1,5,"Detective enters killers' subconscious worlds, blending mind‑bending suspense with mystery.",B: The Beginning,1,5,Supernatural serial‑killer case with gritty detective work resonates with Erased's thriller elements.,Talentless Nana,1,5,"Super‑powered teen assassins and mystery investigation provide a tense, supernatural thriller feel.",Death Parade,1,5,"Death‑game bar setting examines life and death, delivering psychological tension akin to Erased.",ODDTAXI,1,5,Urban mystery with eclectic cast and layered conspiracies offers a compelling investigative narrative.,WONDER EGG PRIORITY,1,5,Supernatural psychological drama with tragic themes mirrors Erased's emotional depth.,From the New World,1,5,Dystopian world with psychic abilities and dark mystery matches Erased's psychological and supernatural aspects.,Kubikiri Cycle: The Blue Savant and the Nonsense User,0,3,Island murder mystery with body‑swapping twist offers a peripheral investigative scenario.,Hell Girl,0,2,Anthology of supernatural revenge stories shares dark tone but lacks core mystery focus.
105310,Fire Force,Fire Force Season 2,2,10,Direct sequel continues the fire‑fighter powers and conspiracy plot.,Fire Force Season 3,2,9,Third season expands the post‑apocalyptic world and deepens the cult battle.,Fire Force Season 3 Part 2,2,8,Second cour heightens cosmic‑horror and religious conflict at the climax.,Demon Slayer: Kimetsu no Yaiba,2,8,Demon‑slaying shounen with intense battles against demons and supernatural powers.,JUJUTSU KAISEN,2,7,"Urban supernatural shounen where exorcists fight curses, similar team combat.",JUJUTSU KAISEN Season 2,2,7,Season 2 continues curse‑fighting with higher stakes and stronger foes.,Mob Psycho 100,1,6,Comedy‑drama about a teen with overwhelming psychic powers in an urban fantasy setting.,Concrete Revolutio,1,6,"Ensemble of super‑humans protecting modern Japan, sharing urban‑fantasy and team dynamics.",Devilman Crybaby,1,6,"Dark, graphic series about demons invading modern Tokyo, matching the grim tone.",Summer Time Rendering,1,6,Mystery thriller with supernatural powers and time‑loop intrigue in a modern setting.,Blood+,1,6,Action‑filled demon‑hunting series with supernatural abilities and shounen spirit.,Tokyo Ghoul,1,5,Urban supernatural conflict with body‑horror and a protagonist battling hidden monsters.,Gantz,1,5,Death‑game with super‑powered combat and a gritty urban setting.,Deadman Wonderland,1,5,"Prison death‑match series where inmates wield supernatural abilities, echoing high‑stakes battles.",Attack on Titan,1,4,"Post‑apocalyptic fight for survival against monstrous threats, resonating with high stakes."
154587,Frieren: Beyond Journey’s End,Frieren: Beyond Journey’s End Season 2,2,10,Direct sequel that continues Frieren’s reflective post‑adventure life with the same tone and characters.,Sousou no Frieren 3rd Season,2,9,Third season extending the philosophical travel narrative of the elf mage.,To Your Eternity,2,8,"Immortal protagonist explores humanity through long travels, echoing Frieren’s lifespan and introspection.",Kino's Journey,2,8,Episodic road‑trip format with philosophical musings mirrors Frieren’s contemplative wanderings.,Witch Hat Atelier,2,7,Features a young female magic user and thoughtful exploration of the nature of magic.,Made in Abyss: The Golden City of the Scorching Sun,2,7,"Dark, layered adventure with found‑family bonds and existential peril similar to Frieren’s tone.",Somali and the Forest Spirit,2,7,"Gentle fantasy focusing on a guardian‑child bond and slow‑paced world‑building, resonating with Frieren’s serene atmosphere.",Fullmetal Alchemist: Brotherhood,1,6,"Explores sacrifice, humanity, and philosophical alchemy within a fantasy setting.",Howl‘s Moving Castle,1,6,"Magical adventure with a female lead and themes of self‑discovery, though more romantic than Frieren.",Record of Lodoss War: Chronicles of the Heroic Knight,1,5,Medieval fantasy with elves and party dynamics reminiscent of Frieren’s world.,ONE PIECE,1,5,Epic travel adventure featuring a strong found‑family theme across a vast world.,The Promised Neverland Season 2,1,4,"Survival‑driven story emphasizing found‑family bonds, offering a darker emotional contrast.",Death Note,1,4,Philosophical thriller about life and death that may intrigue fans of Frieren’s existential questions.,Berserk,1,4,"Dark medieval saga with deep existential themes and a lone anti‑hero, resonating with Frieren’s melancholy tone.",Attack on Titan,0,2,"Post‑apocalyptic survival drama with limited thematic overlap, included as a low‑similarity option."
5114,Fullmetal Alchemist: Brotherhood,Fullmetal Alchemist,2,9,"Same franchise with similar alchemy themes and characters, offering an alternate take on the story.",Fullmetal Alchemist: The Sacred Star of Milos,2,8,A side‑story movie set in the Fullmetal Alchemist world that expands the brothers' adventures.,Attack on Titan,2,8,"Shares intense military conflict, political intrigue, and tragic stakes similar to FMA:B.",Berserk,2,7,"Dark fantasy with war, tragedy, and a morally complex anti‑hero, echoing FMA:B's tone.",Naruto: Shippuden,2,7,"Long‑running shounen featuring conspiracies, war, and a brother‑like bond between protagonists.",ONE PIECE,1,6,"Epic adventure with an ensemble cast and a world‑spanning quest, similar in scope to FMA:B.",Hunter x Hunter (2011),1,6,Explores deep philosophical themes and a diverse cast on a perilous journey.,JUJUTSU KAISEN,1,6,Modern supernatural action with curses and moral dilemmas reminiscent of alchemy’s consequences.,Tokyo Ghoul,1,5,Gothic horror and identity crisis that parallel FMA:B’s tragic character arcs.,Death Note,1,5,Psychological thriller focusing on moral philosophy and the abuse of power.,The Heroic Legend of Arslan,1,5,Military‑focused fantasy with political intrigue and a coming‑of‑age hero.,Akame ga Kill!,1,5,"Features a rebel group fighting a corrupt regime, echoing FMA:B’s anti‑government plot.",Ranking of Kings,1,4,"A heartfelt fantasy about a disabled prince overcoming adversity, similar in emotional depth.",Yona of the Dawn,1,4,Political betrayal and a fugitive heroine provide a comparable sense of danger and growth.,D.Gray-man,1,4,Exorcist action with philosophical undertones and a tragic backstory akin to FMA:B.
20464,HAIKYU!!,HAIKYU!! 2nd Season,2,10,Direct continuation of Karasuno's story into the Spring tournament.,HAIKYU!! 3rd Season,2,9,"Team advances to Nationals, deepening rivalries with Shiratorizawa.",HAIKYU!! TO THE TOP,2,9,Covers Spring Nationals and character growth leading to national tournament.,HAIKYU!! TO THE TOP Part 2,2,8,Concludes the intense national tournament arc with Karasuno's final battles.,HAIKYU!! The Dumpster Battle,2,7,"Film focusing on the iconic ""Dumpster Battle"" between Karasuno and Nekoma.",Haikyuu!!: VS Chiisana Kyojin,2,7,Film sequel presenting another high‑stakes Karasuno match.,Free! -Iwatobi Swim Club-,2,7,Male‑ensemble swimming series with similar school club dynamics and upbeat tone.,Slam Dunk,2,7,Underdog basketball series with comparable shounen energy and team growth.,Yowamushi Pedal,2,7,"High‑school cycling series emphasizing rivalry, training, and camaraderie.",HAIKYU!!: VS Failing Marks,1,6,"OVA where Hinata and Kageyama juggle exams and training, adding extra character moments.",Haikyu!! The Movie: Battle of Concepts,1,5,Compilation film summarizing the Shiratorizawa match for a quick recap.,DAYS,1,5,"Soccer drama featuring a rookie and a prodigy, mirroring coming‑of‑age sports themes.",Backflip!!,1,5,Gymnastics series with an all‑male club and ensemble development similar to Haikyuu!!.,Cross Game,1,5,"Baseball series focusing on teenage rivalry and personal growth, appealing to sports fans.",Major S2,1,5,"Continuation of a classic baseball story, highlighting teamwork and perseverance."
124080,Horimiya,Horimiya: The Missing Pieces,2,10,Direct side‑story continuation of Horimiya’s characters and setting.,Kaguya-sama: Love is War,2,9,"High‑school romance comedy with tsundere mind games and an ensemble cast, matching Horimiya’s tone.",Toradora!,2,9,"Classic school romance with strong character growth and tsundere leads, offering similar emotional depth.",Komi Can’t Communicate,2,8,"Focuses on socially awkward teens learning to open up, sharing Horimiya’s gentle slice‑of‑life vibe.",Kimi ni Todoke: From Me to You,2,8,Shy heroine’s gradual romance in a school setting mirrors Horimiya’s coming‑of‑age feel.,Clannad,2,8,"Emotional school romance with family themes and strong character development, akin to Horimiya.",Shikimori's Not Just a Cutie,2,7,Couples‑centered high‑school romance with tsundere dynamics and light comedy.,Kaguya-sama: Love is War?,2,7,"Season 2 continues the witty romantic mind‑games of Kaguya‑sama, fitting Horimiya’s smart comedy.",Tsuredure Children,1,6,Anthology of short teen love stories that captures a similar slice‑of‑life romance atmosphere.,The Quintessential Quintuplets,1,6,"Ensemble school romance with comedic misunderstandings, offering a comparable ensemble feel.",Fruits Basket (2019),1,6,"Family‑like ensemble romance with a gentle slice‑of‑life core, though it adds a supernatural twist.","DON'T TOY WITH ME, MISS NAGATORO",1,5,Teasing relationship between a shy boy and a bold girl provides a comparable comedic romance dynamic.,Aharen-san wa Hakarenai,1,5,"Awkward daily interactions between two classmates deliver a light, comedic slice‑of‑life feel.",School Rumble 2nd Term,1,4,Ensemble high‑school romance comedy filled with misunderstandings and playful banter.,"Love, Chunibyo & Other Delusions - Heart Throb -",1,4,"High‑school romance with comedic elements and character growth, fitting the overall tone."
11061,Hunter x Hunter (2011),Hunter x Hunter: Yorknew City,2,10,Direct continuation of the same story with the same characters and themes.,Hunter x Hunter,2,9,"Alternate 1999 adaptation of the same source material, offering a different take on the story.",Fullmetal Alchemist: Brotherhood,2,8,"Shares deep philosophical themes, tragedy, and an ensemble shounen adventure.",Naruto: Shippuden,2,7,"Long‑running shounen with complex powers, revenge motives, and extensive character growth.",ONE PIECE,2,7,"Epic adventure featuring travel, a large ensemble cast, and super‑power battles.",Attack on Titan,1,6,"Dark, high‑stakes survival and moral dilemmas reminiscent of HxH’s later arcs.",JUJUTSU KAISEN,1,6,"Modern shounen with curses, super powers, and philosophical conflict.",Demon Slayer: Kimetsu no Yaiba,1,6,Tragic revenge‑driven journey with strong super‑power battles and a traveling protagonist.,My Hero Academia,1,5,Super‑power school setting with an ensemble cast and clear character‑growth arcs.,Fairy Tail,1,5,"Magic‑focused adventure featuring a quirky, large ensemble and strong camaraderie.",Sword Art Online,1,5,Virtual‑world adventure with a determined male lead and survival challenges.,Death Note,1,4,Psychological cat‑and‑mouse story that explores power and morality.,Berserk,0,3,"Grim dark fantasy centered on revenge and brutal combat, but far more mature in tone.",Dorohedoro,0,3,"Surreal dark fantasy with anthropomorphic elements and gritty humor, offering a very different feel.",Tokyo Ghoul,0,3,"Urban horror exploring identity and survival, sharing a tragic vibe but a distinct genre."
113415,JUJUTSU KAISEN,JUJUTSU KAISEN Season 2,2,10,Direct sequel continuing the main story and characters of Jujutsu Kaisen.,JUJUTSU KAISEN Season 3: The Culling Game Part 1,2,9,"Third season that advances the plot after the Shibuya Incident, keeping the same tone and cast.",JUJUTSU KAISEN 0,2,9,Prequel movie that explores the origins of a key curse and expands the Jujutsu universe.,Chainsaw Man,2,8,"Shares urban demon‑hunting, dark humor, and a teen anti‑hero with Jujutsu Kaisen.",Tokyo Ghoul,2,7,"Urban supernatural thriller about a teen turning into a monster, echoing Jujutsu’s curse themes.",Demon Slayer: Kimetsu no Yaiba,2,7,Features a teen protagonist battling demons in a modern‑ish setting with tragic stakes.,Demon Slayer -Kimetsu no Yaiba- The Movie: Mugen Train,1,6,"Movie continuation of Demon Slayer that focuses on a cursed train, similar horror‑action vibe.",Fire Force,1,6,"Urban fantasy where special forces fight fire‑based supernatural threats, akin to exorcism battles.",Mob Psycho 100,1,6,"Teen with hidden psychic power navigating urban supernatural conflicts, mixing comedy and drama.",Beyond the Boundary,1,5,Supernatural teen drama with cursed abilities and a blend of action and emotional stakes.,Attack on Titan,1,5,"Dark, high‑stakes battle against monstrous foes in a grim world, appealing to Jujutsu fans.",Fullmetal Alchemist: Brotherhood,1,5,"Shounen adventure with tragic consequences of forbidden power, similar moral complexity.",Death Note,1,5,"Psychological supernatural thriller about a deadly notebook, resonating with Jujutsu’s moral dilemmas.",JoJo's Bizarre Adventure: Diamond is Unbreakable,1,5,"Urban supernatural series with teen protagonists and bizarre powers, matching Jujutsu’s setting.",Demon Slayer: Kimetsu no Yaiba Swordsmith Village Arc,1,5,"Continues Demon Slayer’s demon‑hunting arc, offering more of the same dark action and tragedy."
145064,JUJUTSU KAISEN Season 2,JUJUTSU KAISEN Season 3: The Culling Game Part 1,2,10,Direct sequel continuing the Culling Game arc after Season 2.,JUJUTSU KAISEN,2,9,"Introduces the core world, characters and curse battles that Season 2 expands.",JUJUTSU KAISEN 0,2,8,"Prequel film set in the same universe, focusing on another curse‑bound teen.",Demon Slayer: Kimetsu no Yaiba,2,8,"Shounen series with teen demon hunters, intense gore and supernatural combat similar to Jujutsu.",Chainsaw Man,2,8,"Urban supernatural action with demons, tragic tone and a teen anti‑hero.",Fire Force,1,6,"Modern city shounen where firefighters battle fire‑based spirits, offering comparable supernatural action.",Mob Psycho 100,1,6,"Teen with psychic powers faces urban supernatural threats, blending comedy with intense battles.",Beyond the Boundary,1,5,"Supernatural high‑school drama with cursed abilities and tragic backstories, similar teen focus.",JoJo's Bizarre Adventure: Diamond is Unbreakable,1,5,Urban fantasy shounen with unique powers and city‑based supernatural fights.,Summer Time Rendering,1,5,Mystery‑driven supernatural thriller with teen protagonists and time‑loop elements.,Devilman Crybaby,1,5,"Dark, gore‑heavy anime about demons and humanity’s tragic struggle in an urban setting.",Tokyo Ghoul,1,5,"Urban horror featuring a teen confronting deadly ghouls, with strong gore and supernatural themes.",Fullmetal Alchemist: Brotherhood,1,5,"Shounen with alchemical powers, moral dilemmas and intense battles that appeal to Jujutsu fans.",My Hero Academia,1,5,"Super‑power focused shounen set in a modern academy, offering a similar teen‑hero vibe.",Death Note,1,4,Psychological supernatural thriller with a teen protagonist wielding deadly otherworldly power.
14719,JoJo's Bizarre Adventure (TV),JoJo's Bizarre Adventure: Stardust Crusaders,2,10,Direct continuation of JoJo (Part 3) with iconic Stand battles.,JoJo's Bizarre Adventure: Stardust Crusaders - Battle in Egypt,2,9,Film climax of Part 3 delivering the final showdown with Dio.,JoJo's Bizarre Adventure: Diamond is Unbreakable,2,8,"Introduces new setting and Stand users, blending mystery with supernatural combat.",JoJo's Bizarre Adventure: Golden Wind,2,8,Shifts to mafia intrigue while retaining the Stand power system and dramatic flair.,Berserk,2,8,"Dark, revenge‑driven epic with brutal supernatural powers appealing to JoJo fans.",JoJo's Bizarre Adventure: STONE OCEAN,2,7,"Features a female lead but keeps Stand battles, revenge themes, and stylish supernatural fights.",STEEL BALL RUN JoJo's Bizarre Adventure 1st STAGE,2,7,"Reimagines JoJo in a Western horse‑race setting, adding new powers and gritty adventure.",Demon Slayer: Kimetsu no Yaiba,1,6,"Male‑protagonist hunts demons in a dark fantasy world, sharing revenge and supernatural combat.",Demon Slayer: Kimetsu no Yaiba Entertainment District Arc,1,6,"Focuses on the Entertainment District arc, adding intense battles and supernatural curses.",JUJUTSU KAISEN,1,6,Urban fantasy with cursed powers and high‑stakes battles echoing JoJo’s Stand concept.,Dororo,1,6,"Dark samurai tale of a cursed body‑less hero seeking revenge, matching JoJo’s grim tone.",Hunter x Hunter (2011),1,5,Grand adventure with a unique power system and strong character growth similar to JoJo.,Fullmetal Alchemist: Brotherhood,1,5,"Brothers wield alchemy in a high‑stakes quest, offering comparable action and moral dilemmas.",BLEACH: Thousand-Year Blood War,1,5,Shounen supernatural battles with spirit powers that feel familiar to JoJo enthusiasts.,Hell’s Paradise,1,5,Gritty survival story with supernatural abilities and a dark tone reminiscent of later JoJo arcs.
21202,KONOSUBA -God's blessing on this wonderful world!,KONOSUBA -God's blessing on this wonderful world! 2,2,10,"Direct sequel that continues the same cast, parody tone, and slapstick isekai humor.",KONOSUBA -God's blessing on this wonderful world! 3,2,9,Third season keeps the ensemble dynamics and satirical isekai comedy of the original.,Kono Subarashii Sekai ni Shukufuku wo! 4,2,8,"Fourth season maintains the chaotic party, meta jokes, and fantasy parody.",KONOSUBA -God's blessing on this wonderful world!- Legend of Crimson,2,7,Feature‑length film expands the world with the same parody adventure and characters.,"No Game, No Life",2,7,Isekai comedy about sibling gamers that satirizes fantasy tropes similarly to Konosuba.,Combatants Will Be Dispatched!,2,7,"Parodic isekai where corporate minions become heroes, matching Konosuba’s meta‑humor.",The Hidden Dungeon Only I Can Enter,1,6,Comedy‑heavy fantasy with harem elements and slapstick dungeon antics reminiscent of Konosuba.,Miyuki-chan In Wonderland,1,6,Female‑cast isekai parody that uses absurd humor and satire similar to Konosuba’s style.,Do You Love Your Mom and Her Two-Hit Multi-Target Attacks?,1,6,"Isekai video‑game parody featuring a mother companion, delivering the same goofy tone.",I'm the Evil Lord of an Intergalactic Empire!,1,6,Reincarnated anti‑hero in a sci‑fi fantasy setting with satire and harem elements.,The Legendary Hero is Dead!,1,5,Body‑swap comedy in a fantasy world that provides slapstick humor akin to Konosuba.,The Familiar of Zero,1,5,Isekai magic comedy with a harem and frequent slapstick moments similar to Konosuba.,Is It Wrong to Try to Pick Up Girls in a Dungeon? II: Is It Wrong to Go Searching for Herbs on a Deserted Island?,1,5,Adventure comedy with an ensemble cast and light‑hearted fantasy parody.,The Seven Deadly Sins,1,4,"Ensemble fantasy with comedic moments, though more action‑focused than Konosuba.",The Seven Deadly Sins: Revival of the Commandments,1,4,Sequel to The Seven Deadly Sins that adds more comedic fantasy and ensemble antics.
101921,Kaguya-sama: Love is War,Kaguya-sama: Love is War?,2,10,Season 2 continues the student‑council mind‑games and witty romance that define Kaguya‑sama.,Kaguya-sama: Love is War -Ultra Romantic-,2,9,Season 3 (Ultra Romantic) keeps the same cast and clever battle‑of‑pride premise.,Kaguya-sama wa Kokurasetai: Kanketsu-hen,2,9,The theatrical conclusion wraps up the series with the original characters and their psychological romance.,Kaguya-sama: Love is War -The First Kiss That Never Ends-,2,8,A TV special focusing on the first kiss offers a direct emotional payoff for fans.,Ouran High School Host Club,2,8,"Ouran shares an elite school setting, parody‑heavy humor, and a romance built on teasing battles.",Kaguya-sama: Love Is War -Stairway to Adulthood-,2,7,The ‘Stairway to Adulthood’ special ages the characters while preserving the original’s comedic psychology.,Horimiya,2,7,Horimiya’s secret‑double‑life romance mirrors Kaguya‑sama’s hidden feelings in a school slice‑of‑life setting.,Monthly Girls' Nozaki-kun,1,6,"Monthly Girls' Nozaki‑kun delivers meta‑parody and school romance with a playful, teasing tone.",My Teen Romantic Comedy SNAFU,1,6,My Teen Romantic Comedy SNAFU offers a cynical high‑school protagonist and sharp social commentary similar to Kaguya’s wit.,Fruits Basket Season 2,1,6,"Fruits Basket Season 2 blends romance, comedy, and psychological family dynamics that appeal to Kaguya fans.",Komi Can’t Communicate,1,5,"Komi Can’t Communicate focuses on social awkwardness and gentle school romance, offering a softer counterpart.",Aharen-san wa Hakarenai,1,5,Aharen‑san wa Hakarenai provides surreal school comedy and a quirky tsundere lead.,"DON'T TOY WITH ME, MISS NAGATORO",1,5,"Don’t Toy With Me, Miss Nagatoro centers on teasing‑heavy romance reminiscent of Kaguya’s mind games.",Call of the Night,1,5,"Call of the Night blends psychological romance with supernatural elements, echoing Kaguya’s humor‑tension mix.",The Quintessential Quintuplets,1,5,The Quintessential Quintuplets presents a harem‑style school romance with comedic misunderstandings similar to Kaguya‑sama’s love battles.
98314,Kakegurui,Kakegurui Twin,2,10,Direct spin‑off set in the same academy with high‑stakes gambling battles.,Tomodachi Game,2,9,Teen death‑game thriller that mirrors Kakegurui’s psychological tension and betting mechanics.,Classroom of the Elite Season 2,2,8,Elite school meritocracy where strategic mind games determine social rank.,Danganronpa 3: The End of Hope’s Peak High School - Despair Arc,2,8,School‑based death‑game series with intense manipulation and anti‑hero characters.,Death Parade,2,7,Gambling‑style death games in a bar setting that focus on high‑tension mind contests.,Platinum End,2,7,"Supernatural death‑game competition where contestants wager for godhood, echoing Kakegurui’s stakes.",Death Note,1,6,Cat‑and‑mouse battle of wits between a genius anti‑hero and law enforcement.,Revolutionary Girl Utena,1,6,"Academy duels decide status, offering strategic psychological battles similar to gambling.",Hunter x Hunter (2011),1,6,Features strategic games and psychological contests like Heavens Arena and the Chimera Ant arc.,Higurashi: When They Cry - GOU,1,5,Psychological horror mystery with school‑town secrets and tense mind games.,Serial Experiments Lain,1,5,"Explores reality vs. virtual perception, appealing to fans of mind‑bending intrigue.",ID: INVADED,1,5,"Detective enters killers' subconscious, delivering high‑tension psychological puzzles.",From the New World,1,4,Dystopian society with class struggle and deep psychological themes.,Monogatari Series Second Season,1,4,Dialogue‑heavy supernatural school series with complex character psychology.,WONDER EGG PRIORITY,1,4,"Dark psychological thriller about teen girls confronting surreal, high‑tension dangers."
21507,Mob Psycho 100,Mob Psycho 100 II,2,10,"Direct sequel continues Mob's story with the same blend of comedy, psychic powers, and philosophical growth.",Mob Psycho 100 III,2,9,"Third season maintains satire, supernatural battles, and emotional development.",One-Punch Man,2,9,Over‑powered hero parody explores boredom and existential humor akin to Mob's satire.,Lucifer and the Biscuit Hammer,2,8,Surreal urban‑fantasy comedy with psychic abilities and philosophical themes mirrors Mob's tone.,Sarazanmai,2,8,"Bizarre urban‑fantasy comedy delving into identity and emotions, similar to Mob's themes.",JUJUTSU KAISEN,2,8,"Shounen with curses, teen protagonists, and intense psychic battles, echoing Mob’s action.",Bakemonogatari,2,7,Modern supernatural series with witty dialogue and existential musings in a city setting.,Monogatari Series Second Season,2,7,Continuation of Monogatari’s supernatural comedy and philosophical reflection.,Toilet-bound Hanako-kun,2,7,"School‑set supernatural comedy about a ghostly girl granting wishes, sharing quirky humor.",DAN DA DAN,2,7,"High‑school duo dealing with spirits and aliens, mixing surreal comedy and powers.",Yuki Yuna is a Hero,1,6,"Dark magical‑girl series exploring heroism, sacrifice, and philosophical questions.",Devilman Crybaby,1,5,Intense psychological supernatural drama examining inner conflict and philosophy.,Elfen Lied,1,5,"Tragic story of telekinetic mutants, blending superpowers with emotional trauma.",Lookism,1,4,"Urban fantasy about body‑swapping and identity, offering a fresh teen supernatural take.",Beyond the Boundary,1,4,Super‑powered teen drama with existential dilemmas and a mix of action and emotion.
101338,Mob Psycho 100 II,Mob Psycho 100,2,10,"Essential foundation that introduces Mob’s powers, tone, and characters before season 2.",Mob Psycho 100 III,2,9,Continues Mob’s story with new supernatural threats and deeper philosophical themes.,One-Punch Man,2,8,"Satirical take on overpowered heroes with similar humor, action, and existential musings.",JUJUTSU KAISEN,2,8,High‑octane supernatural battles and teen cast dealing with cursed energy echo Mob’s shounen vibe.,My Hero Academia,2,7,School of powered teens and comedic heroics mirror Mob’s shounen spirit.,Hunter x Hunter (2011),2,7,Complex power system and philosophical growth parallel Mob’s emotional journey.,Devilman Crybaby,2,7,Dark psychological exploration of supernatural power and identity resonates with Mob’s inner conflict.,Lucifer and the Biscuit Hammer,2,7,"Mixes super‑powers, urban fantasy, and philosophical satire akin to Mob Psycho.",Sarazanmai,2,7,"Surreal comedy, teen angst, and supernatural abilities in a philosophically charged urban setting.",Tokyo Ghoul,1,6,"Teen protagonist grapples with monstrous power and identity, similar to Mob’s struggle.",Death Note,1,6,Psychological cat‑and‑mouse tension with supernatural abilities appeals to Mob fans.,Rascal Does Not Dream of Bunny Girl Senpai,1,6,Teen characters face bizarre supernatural phenomena and emotional themes.,Attack on Titan,1,5,Existential struggles and overwhelming powers complement Mob’s thematic depth.,Demon Slayer: Kimetsu no Yaiba,1,5,Intense supernatural battles and a coming‑of‑age journey mirror Mob’s action‑drama blend.,Assassination Classroom,1,5,"School setting with a powerful, otherworldly teacher offers comedic yet supernatural dynamics like Mob’s school antics."
108465,Mushoku Tensei: Jobless Reincarnation,Mushoku Tensei: Jobless Reincarnation Season 2,2,10,Direct continuation of Mushoku Tensei with the same world and characters.,Mushoku Tensei: Jobless Reincarnation Season 2 Part 2,2,9,"Second cour of season 2, focusing on Rudeus' magic training and university life.",The World's Finest Assassin Gets Reincarnated in Another World as an Aristocrat,2,8,Reincarnated assassin with magic and anti‑hero vibes mirrors MT's premise.,Re:ZERO -Starting Life in Another World-,2,8,"Dark isekai with a male protagonist, magic, and psychological twists similar to MT.",Ranking of Kings,2,7,"Fantasy coming‑of‑age about a disabled prince, sharing growth and world‑building focus.",Witch Hat Atelier,2,7,"Coming‑of‑age magic tale with detailed world‑building, appealing to MT fans.",Fullmetal Alchemist: Brotherhood,1,6,"Themes of redemption, sacrifice, and alchemical magic echo MT’s emotional core.",High School Prodigies Have It Easy Even In Another World,1,6,"Isekai featuring prodigious heroes exploring a magical world, parallels MT’s adventure vibe.","No Game, No Life",1,5,"Bright, game‑centric isekai with strong world‑building and magic, a lighter counterpart.",The Familiar of Zero,1,5,"Magic‑school isekai with a male lead and harem elements, similar setting to MT.",Hunter x Hunter (2011),1,5,"Adventure series about a young hunter discovering a world of magic and monsters, strong growth themes.",Berserk,1,4,"Grim dark fantasy with intense tragedy and swordplay, matching MT’s mature tone.",Attack on Titan,1,4,"Post‑apocalyptic fantasy with humanity’s struggle, sharing epic world‑building and tragedy.",Escaflowne: A Girl in Gaea,0,3,"Classic mecha‑fantasy isekai with magic and royalty, similar transport‑to‑another‑world hook.","BASTARD!! -Heavy Metal, Dark Fantasy-",0,3,"Heavy‑metal dark fantasy with powerful magic and anti‑hero, offering a darker thematic match."
21459,My Hero Academia,My Hero Academia Season 2,2,10,Direct sequel continuing the story with new arcs and character development.,My Hero Academia Season 3,2,9,Continues the series with the intense Summer Training Camp arc.,My Hero Academia Season 4,2,9,Advances the plot with the Hero Killer and Paranormal Liberation Front arcs.,My Hero Academia Season 5,2,8,Introduces the joint training battle and deeper villain conflicts.,My Hero Academia Season 6,2,8,Explores the war against the Paranormal Liberation Front and darker themes.,My Hero Academia: Make It! Do-or-Die Survival Training,2,8,Features Class 1‑A in a high‑stakes survival training that expands the world.,Boku no Hero Academia: Training of the Dead,2,7,OVA focusing on a crossover training session between U.A. and Yuuei students.,The Daily Life of the Immortal King,2,7,"Comedy‑action series about an overpowered teen in a school setting, similar tone.",One-Punch Man,2,7,Satirical superhero series with overpowered protagonist and comedic action.,JUJUTSU KAISEN,1,6,Urban fantasy shounen with curses and power battles akin to quirks.,Naruto,1,6,Classic ninja shounen with a school‑like academy and power growth.,Fairy Tail,1,5,Magic‑based guild adventure with ensemble cast and comedic moments.,Hunter x Hunter (2011),1,5,Adventure shounen with diverse abilities and tournament arcs.,Soul Eater,1,5,"School of weapon meisters mixing action, comedy, and supernatural powers.",Yu Yu Hakusho: Ghostfiles,1,4,Spirit‑fighting teen hero in a school‑like setting with comedic fights.
21856,My Hero Academia Season 2,My Hero Academia Season 3,2,10,Direct sequel continuing Class 1‑A's story after Season 2.,My Hero Academia Season 4,2,9,"Follows the same heroes into the next major arc, building on Season 2 events.",My Hero Academia Season 5,2,8,Continues the rivalry and training battles introduced in Season 2.,My Hero Academia Season 6,2,8,"Advances the plot with the Paranormal Liberation Front, deepening the hero conflict.",My Hero Academia,2,8,Season 1 introduces the world and characters that Season 2 expands.,My Hero Academia: Make It! Do-or-Die Survival Training,2,7,Spin‑off film featuring the same students in a new survival‑training challenge.,Boku no Hero Academia: Sukue! Kyuujo Kunren!,2,7,"OVA where Class 1‑A regains public trust after a villain attack, echoing Season 2 stakes.",Black Clover,2,7,Magic‑school shounen with an ensemble cast and similar growth‑focused battles.,Naruto,1,6,"Classic ninja shounen with rivalries, training arcs, and a teen ensemble like MHA.",Naruto: Shippuden,1,6,"Shippuden continues Naruto’s story, offering comparable long‑term character development.",Fairy Tail,1,5,Fairy Tail’s guild battles and comedic tone match MHA’s action‑comedy vibe.,JUJUTSU KAISEN,1,5,Urban‑fantasy curses and school‑like training echo MHA’s hero curriculum.,Hunter x Hunter (2011),1,5,Hunter x Hunter’s diverse abilities and tournament arcs resemble MHA’s hero exams.,One-Punch Man,1,5,One‑Punch Man satirizes superheroes while delivering high‑octane action.,The Seven Deadly Sins,1,4,The Seven Deadly Sins blends ensemble fantasy adventure with humor akin to MHA.
100166,My Hero Academia Season 3,My Hero Academia Season 4,2,10,Direct sequel that continues the story and Quirk battles after Season 3.,My Hero Academia Season 5,2,9,Next season expands the hero‑vs‑villain conflict with the same cast and new training arcs.,My Hero Academia Season 6,2,8,Further continuation deepening the war and introducing powerful new antagonists.,My Hero Academia,2,8,"Original series establishes the world, Quirks and core characters essential for Season 3.",My Hero Academia Season 2,2,7,Season 2 builds on the school setting with new training arcs and the Sports Festival.,Naruto,2,7,"Teen ninja academy, intense training, and ensemble cast mirror MHA’s school dynamics.",Naruto: Shippuden,2,7,Shippuden continues Naruto with higher‑stakes battles and character growth similar to MHA’s escalation.,Hunter x Hunter (2011),1,6,Hunter x Hunter’s diverse abilities and strategic fights echo MHA’s training camp vibe.,JUJUTSU KAISEN,1,6,Urban fantasy with teen protagonists mastering curses offers a comparable power‑development arc.,Demon Slayer: Kimetsu no Yaiba,1,5,High‑stakes battles and a tragic hero’s backstory provide a similar dramatic growth experience.,Fullmetal Alchemist: Brotherhood,1,5,Ensemble of powered characters facing moral dilemmas parallels MHA’s scope.,One-Punch Man,1,5,Parody superhero series with over‑powered heroes and comedic tone appeals to MHA fans.,JoJo's Bizarre Adventure: Diamond is Unbreakable,1,5,Modern city setting with unique super‑powers and quirky humor matches MHA’s style.,The Boy and the Beast,1,4,Mentor‑student relationship and power progression echo MHA’s training themes.,Shaman King,1,4,Shamanic powers and tournament arcs give a comparable shounen power‑growth experience.
104276,My Hero Academia Season 4,My Hero Academia Season 5,2,10,Direct sequel that continues the Shigaraki war and Class 1‑A battles.,My Hero Academia Season 6,2,9,"Advances the Paranormal Liberation Front conflict, the next major arc after Season 4.",My Hero Academia: Two Heroes,2,8,Movie set after Season 4 featuring the same heroes on a new high‑stakes mission.,JUJUTSU KAISEN,2,8,"Urban shounen with teen protagonists wielding curses, similar power‑battle vibe.",My Hero Academia Season 3,2,7,Season 3 deepens training arcs and villain development that lead into Season 4.,My Hero Academia Season 2,1,6,Earlier season that establishes the hero‑school setting and early antagonists.,ONE PIECE,1,6,Long‑running shounen adventure with a large ensemble cast and escalating foes.,Demon Slayer: Kimetsu no Yaiba,1,6,"Dark shounen about a teen hero fighting supernatural enemies, sharing intense battles.",Dragon Ball Super,1,6,Super‑powered shounen with inter‑dimensional threats and a focus on heroic growth.,My Hero Academia,1,5,"Original series introducing Quirks, U.A. High, and the core cast.",Space Patrol Luluco,1,5,Sci‑fi teen series where a schoolgirl gains powers and fights alien crime.,Gintama,1,5,Parody shounen with an ensemble of heroes battling absurd threats.,Trigun,0,3,Action western with a lone gunman; only shares combat focus.,Vampire Hunter D: Bloodlust,0,3,Dark fantasy vampire hunter; minimal overlap beyond action.,Harmagedon,0,3,Cosmic‑horror mecha series; unrelated to superhero school themes.
20,Naruto,Naruto: Shippuden,2,10,"Direct sequel continuing Naruto's story with an older, more mature protagonist.",The Boy and the Beast,2,9,"Orphan protagonist finds a gruff mentor in a fantastical world, echoing Naruto's found‑family and martial‑arts themes.",The Last: Naruto the Movie,2,9,"Feature film starring Naruto, preserving the same characters, ninja action, and high‑stakes adventure.",Naruto the Movie: Ninja Clash in the Land of Snow,2,8,"Naruto movie with a mission escort plot, keeping the core cast and ninja combat.",Naruto the Movie: Legend of the Stone of Gelel,2,8,"Another Naruto film focusing on a side adventure, maintaining the series' tone and characters.",Hunter x Hunter (2011),2,7,"Shounen adventure with deep character growth, power scaling, and a quest‑driven plot similar to Naruto.",ONE PIECE,2,7,"Long‑running shounen about pirates, featuring ensemble cast, epic journeys, and found‑family dynamics.",Dragon Ball Z,2,7,"Classic shounen with martial arts, escalating battles, and a male hero growing stronger, akin to Naruto.",JUJUTSU KAISEN,1,6,"Supernatural shounen where a teen fights curses, sharing combat‑focused action and a youthful protagonist.",Fullmetal Alchemist: Brotherhood,1,6,"Alchemical quest with orphan brothers, philosophical themes, and intense battles reminiscent of Naruto's depth.",Attack on Titan,1,5,"Dark action series about humanity's fight for survival, offering intense combat and revenge motives.",The Seven Deadly Sins,1,5,"Fantasy shounen with an ensemble cast, magic battles, and comedic tone similar to Naruto's lighter moments.",Sword Art Online,1,5,"VR adventure featuring a teen hero mastering swordplay, echoing Naruto's growth‑through‑challenge arc.",Death Note,1,4,"Psychological thriller with a high‑school male lead, sharing shounen roots but differing in tone.",Shakugan no Shana,1,4,"Urban fantasy with teen protagonist battling supernatural foes, offering a comparable action‑fantasy vibe."
1735,Naruto: Shippuden,Naruto,2,10,"The original Naruto series establishes the world, characters, and ninja themes that Shippuden continues.",ONE PIECE,2,9,"One Piece offers a similarly long‑running shounen adventure with epic battles, strong friendships, and a focus on growth.",Hunter x Hunter (2011),2,9,Hunter x Hunter features deep power systems and strategic combat that appeal to Naruto fans.,Fullmetal Alchemist: Brotherhood,2,8,"Fullmetal Alchemist: Brotherhood shares themes of war, tragedy, and brotherly bonds with intense action.",JUJUTSU KAISEN,2,8,"Jujutsu Kaisen presents modern shounen combat against curses, echoing Naruto’s supernatural battles and teamwork.",Dragon Ball Z,2,8,Dragon Ball Z delivers high‑energy martial‑arts battles and classic shounen power‑up progression.,Demon Slayer: Kimetsu no Yaiba,2,8,"Demon Slayer follows an orphan hunting demons, mirroring Naruto’s revenge‑driven, sword‑based action.",My Hero Academia,2,7,"My Hero Academia’s focus on aspiring heroes, quirks, and school training parallels Naruto’s ninja academy growth.",Attack on Titan,2,7,"Attack on Titan shares intense war, tragedy, and survival themes that resonate with Naruto’s later arcs.",The Boy and the Beast,1,6,The Boy and the Beast features an orphan‑mentor bond and martial training in a fantastical setting.,The Seven Deadly Sins,1,6,"The Seven Deadly Sins offers ensemble shounen action, magic battles, and a quest to protect a kingdom.",Berserk,1,5,"Berserk shares intense sword combat and tragic war themes, though its darker tone differs from Naruto’s.",Twin Star Exorcists,1,5,"Twin Star Exorcists blends exorcism, demons, and a partnership between a male and female protagonist.",Tokyo Ghoul,1,5,Tokyo Ghoul presents a dark supernatural world where a teen grapples with a new monstrous identity.,One-Punch Man,1,5,"One‑Punch Man mixes over‑powered heroes with comedic tone, appealing to fans of exaggerated shounen battles."
30,Neon Genesis Evangelion,Neon Genesis Evangelion: The End of Evangelion,2,10,"Provides the definitive cinematic conclusion, expanding the series' themes.",Evangelion: 3.0+1.0 Thrice Upon a Time,2,9,Final Rebuild film delivering a philosophical closure to Shinji’s journey.,Evangelion: 2.0 You Can (Not) Advance,2,8,Reimagines early Angel battles with upgraded animation and deeper character focus.,RahXephon,2,8,"Shares Evangelion’s mecha‑psychology, exploring memory and existential themes.",Evangelion: 3.0 You Can (Not) Redo,2,8,"Continues the Rebuild saga after a 14‑year jump, intensifying existential conflict.",Evangelion: 1.0 You Are (Not) Alone,2,7,"Modern retelling of the series’ start, offering clearer visuals and refined pacing.",DARLING in the FRANXX,2,7,"Teen pilots in a post‑apocalyptic world face mysterious monsters, echoing Evangelion’s tone.",The Big O,2,7,"Noir‑styled mecha series with amnesia‑driven mystery, matching Evangelion’s mood.",NieR:Automata Ver1.1a,1,6,"Post‑apocalyptic action with AI‑driven androids, probing identity and purpose.",PLUTO,1,6,Philosophical sci‑fi mystery about sentient robots that mirrors Evangelion’s existential questions.,86 EIGHTY-SIX,1,6,"Dark war drama about child pilots of unmanned weapons, resonating with Evangelion’s trauma.",A.D. Police Files,1,6,Prequel police spin‑off expanding the Evangelion universe through a gritty investigative lens.,Revolutionary Girl Utena,1,5,"Surreal psychological drama with symbolic battles of identity, akin to Evangelion’s introspection.",Guilty Crown,1,5,Dystopian mecha with a conflicted teen protagonist and themes of sacrifice.,Armored Trooper Votoms,1,5,"Real‑robot military series exploring war, conspiracy, and philosophical dilemmas."
19815,"No Game, No Life",KONOSUBA -God's blessing on this wonderful world!,2,9,"Isekai comedy with game‑like mechanics and an over‑powered, sarcastic duo, mirroring No Game No Life’s parody tone.",Do You Love Your Mom and Her Two-Hit Multi-Target Attacks?,2,8,"Features a sibling‑style protagonist thrust into a video‑game world, emphasizing strategic battles and humor.",Tales of Wedding Rings,2,8,"Isekai where the hero uses game‑style tactics and a harem, matching the strategic‑gaming vibe of the seed.",Combatants Will Be Dispatched!,2,7,Parody‑heavy fantasy with clever tactics and a meta‑gaming premise similar to No Game No Life.,The Daily Life of a Middle-Aged Online Shopper in Another World,2,7,"Isekai about a middle‑aged man exploiting an online shop in a game‑like world, blending humor and strategy.",KONOSUBA -God's blessing on this wonderful world!- Legend of Crimson,2,7,"KonoSuba OVA that expands the parody‑rich, video‑game‑styled world, appealing to fans of No Game No Life.",KONOSUBA -God's blessing on this wonderful world! 2,1,6,"Second season of KonoSuba, continuing the satirical, game‑world setting.",KONOSUBA -God's blessing on this wonderful world! 3,1,6,"Third season of KonoSuba, preserving the parody and strategic humor.",The Hidden Dungeon Only I Can Enter,1,5,Focuses on a hidden dungeon and skill‑creation system that fans of game‑style strategy will enjoy.,The Legendary Hero is Dead!,1,5,"Body‑swap comedy with absurd battles, offering a similarly off‑beat humor.",The Familiar of Zero,1,5,"Magical‑school isekai with a light‑hearted tone and harem elements, echoing the playful vibe.",Is It Wrong to Try to Pick Up Girls in a Dungeon? II: Is It Wrong to Go Searching for Herbs on a Deserted Island?,1,5,"DanMachi’s comedic adventure with occasional parody, matching the seed’s humor.",Is It Wrong to Try to Pick Up Girls in a Dungeon? III: Is It Wrong to Try to Find a Hot Spring in Orario? -Bath God Forever-,1,5,"Continues DanMachi’s slapstick and ecchi fantasy, a moderate fit for No Game No Life fans.",Tales of Wedding Rings Season 2,1,4,"Second season of Tales of Wedding Rings, extending the same isekai‑harem formula.",Miyuki-chan In Wonderland,1,4,"Isekai parody set in an all‑female world, sharing the ecchi‑heavy, comedic tone."
20447,Noragami,Noragami Aragoto,2,10,Direct sequel that continues Yato’s story with the same characters and world.,Noragami ARAGOTO OVA,2,9,"OVA set after season 2, offering extra Yato adventures in the same tone.",JUJUTSU KAISEN,2,9,"Urban supernatural series about teen exorcists battling curses, sharing exorcism and god‑like powers.",Kekkaishi,2,8,"Focuses on youkai‑fighting shikigami at a school, mirroring Noragami’s mythic battles.",Soul Eater,2,8,Weapon‑partner dynamics and a supernatural academy echo Noragami’s god‑weapon relationship.,Yu Yu Hakusho: Ghostfiles,2,7,Spirit‑detective work in modern Japan parallels Noragami’s blend of action and the supernatural.,SHAMAN KING (2021),2,7,"Shaman who communes with spirits and fights in a tournament, similar to Yato’s god‑human interactions.",Twin Star Exorcists,1,6,"Teen exorcists battle demons in a modern setting, echoing the god‑human dynamics.",The Boy and the Beast,1,6,Found‑family bond between a human and a beast in an urban‑fantasy backdrop.,The Legend of Luoxiaohei,1,6,"Urban fantasy about a supernatural cat deity forming bonds with humans, matching Noragami’s modern mythic tone.",The Seven Deadly Sins,1,6,"Ensemble of anti‑hero knights battling demons in a modern‑mythic world, similar to Noragami’s god‑versus‑human conflicts.",The Law of Ueki,1,5,"Students wield god‑granted powers in battles, echoing Noragami’s divine combat.",Tokyo Ghoul,1,5,"Dark urban supernatural horror about hidden monsters, sharing a gritty city atmosphere.",Demon Slayer: Kimetsu no Yaiba,1,5,"Demon‑hunting teen with swordplay and tragic backstory, comparable to Yato’s battles.",Shaman King,1,5,"Classic shaman series where protagonists commune with spirits, aligning with Noragami’s deity interactions."
21,ONE PIECE,One Piece Film: Gold,2,10,"A high‑budget One Piece film set in Gran Tesoro, expanding Luffy’s adventure with new foes.",One Piece: Stampede,2,9,Celebrates the series’ 20th anniversary with a massive pirate treasure hunt featuring many fan‑favorite crews.,One Piece Film: Red,2,9,"Focuses on a music‑themed antagonist, offering a fresh, emotionally‑charged story within the One Piece world.",One Piece Film: Strong World,2,8,"Introduces the legendary pirate Shiki, delivering a standalone adventure that deepens the series’ lore.",One Piece: Episode of Merry - The Tale of One More Friend,2,8,"Retells the Going Merry’s farewell with updated animation, perfect for fans of the crew’s early journey.",One Piece: Episode of Skypiea,2,8,"Condenses the iconic Skypiea arc into a special, preserving its sky‑island wonder.",ONE PIECE: Episode of Nami - Koukaishi no Namida to Nakama no Kizuna,2,7,"Reimagines the Arlong Park arc with new visuals, highlighting Nami’s backstory.",One Piece Log: Fish-Man Island Saga,2,7,"Remastered version of the Fish‑Man Island saga, improving visuals and pacing for a key storyline.",Hunter x Hunter (2011),2,7,"Shares One Piece’s grand‑scale adventure, diverse powers, and deep character growth.",Naruto: Shippuden,2,7,"Long‑running shounen with ensemble cast, epic battles, and a quest for a legendary treasure of its own.",Naruto,2,7,"Begins the ninja journey with themes of friendship, rivalry, and a quest for recognition, echoing One Piece’s spirit.",Black Clover,2,7,"Features a determined orphan, magic battles, and a found‑family crew, mirroring One Piece’s tone.",One Piece: Adventure of Nebulandia,1,6,A non‑canonical One Piece special exploring a new island where Devil Fruit powers are suppressed.,ONE PIECE: The Movie,1,6,"Original standalone film about a gold‑obsessed pirate legend, offering a self‑contained adventure.",One Piece: Heart of Gold,1,6,"OVA where the crew hunts a lost civilization’s treasure, delivering classic pirate fun."
21087,One-Punch Man,One-Punch Man Season 2,2,10,Direct sequel that continues Saitama's over‑powered heroics and satire.,One-Punch Man: Road to Hero,2,9,"OVA expands the origin of Saitama's hero suit, deepening the original's lore.",Mob Psycho 100,2,8,Same creator (ONE) with comparable parody of super‑power tropes and urban comedy.,One-Punch Man Season 3,2,8,"Third season continues the main story, preserving the series' absurd action and satire.",One-Punch Man OVA,2,7,Additional OVA episodes offering more comedic superhero skits in the OPM universe.,Mob Psycho 100 II,2,7,Second season of Mob Psycho 100 builds on the same satirical super‑power premise.,Mob Psycho 100 III,1,6,"Third season concludes Mob Psycho 100’s parody‑laden arc, matching OPM’s tone.",DAN DA DAN,1,6,Surreal urban fantasy with over‑the‑top powers and comedy similar to OPM’s style.,DAN DA DAN Season 2,1,5,Season 2 continues the chaotic supernatural comedy of Dandadan.,Dandadan 3rd Season,1,5,Third season maintains the series' absurd power battles and parody.,Bungo Stray Dogs,1,5,Urban supernatural detectives with flashy abilities echo OPM’s hero satire.,My Hero Academia Season 5,1,5,Modern superhero school drama that shares the super‑power and action focus.,Panty & Stocking with Garterbelt,1,4,Parodic supernatural action with surreal comedy reminiscent of OPM’s humor.,Rooster Fighter,1,4,"Kaiju‑fighting rooster hero offers a bizarre, comedic take on superhero tropes.",Undead Unluck,1,4,Action‑comedy with overpowered characters and dark humor aligns loosely with OPM.
97668,One-Punch Man Season 2,One-Punch Man OVA,2,9,Official OVA adds extra Saitama stories while keeping the parody superhero tone.,One-Punch Man,2,9,"The original series establishes the over‑powered hero, satire and action that define One‑Punch Man.",Mob Psycho 100,2,8,"Created by ONE, Mob Psycho 100 shares the same absurd humor, urban setting and super‑power satire.",One-Punch Man: Road to Hero,2,8,"Road to Hero OVA explores Saitama’s origin suit, offering lore‑rich content for fans.",One-Punch Man Season 3,2,8,Season 3 continues Saitama’s invincible heroics and meta‑comedic style.,One Punch Man Season 3 Part 2,2,7,The second cour of Season 3 expands the absurd battles and satire.,One-Punch Man Season 2 OVA,2,7,Unaired OVA episodes from Season 2 provide more of the same parody action.,Mob Psycho 100 II,1,6,Mob Psycho 100 II deepens the protagonist’s growth while retaining the series’ humor.,Gintama,1,6,"Gintama mixes action, parody and absurd comedy in a modern setting, appealing to OPM fans.",Rooster Fighter,1,5,Rooster Fighter parodies superhero tropes with over‑the‑top action and urban chaos.,Bungo Stray Dogs,1,5,Bungo Stray Dogs blends super‑power battles with urban detective satire.,My Hero Academia,1,5,"My Hero Academia offers a shounen take on heroes and quirks, resonating with OPM’s super‑power theme.",Dragon Ball Super,1,5,"Dragon Ball Super delivers high‑octane super‑power battles, though without the satire.",Undead Unluck,1,5,"Undead Unluck mixes action, comedy and urban supernatural powers, matching OPM’s over‑the‑top tone.",Fire Force Season 3,1,4,"Fire Force S3 features urban super‑power firefighting and dark humor, aligning with OPM’s action‑comedy blend."
20623,Parasyte -the maxim-,Gantz,2,9,"Features alien‑fighting death games, graphic body‑horror and existential dread similar to Parasyte.",Tokyo Ghoul,2,9,Urban setting with a human‑monster anti‑hero and moral questions about identity.,Devilman Crybaby,2,8,"Shapeshifting demons, intense gore and a philosophical look at humanity.",Elfen Lied,2,8,"Mutant powers, visceral body‑horror and tragic anti‑hero drama echo Parasyte’s tone.",PLUTO,2,8,"Thought‑provoking sci‑fi mystery about AI and humanity, with strong moral questions.",Texhnolyze,2,7,Bleak cyber‑punk world where body modification and survival drive a philosophical narrative.,Akira,2,7,"Dystopian urban chaos, psychic powers and philosophical conflict mirror Parasyte’s themes.",GANTZ:O,2,7,"Gantz spin‑off with more CGI‑driven alien battles and body‑horror, expanding the same premise.",From the New World,1,6,"Post‑apocalyptic society with psychic abilities, moral ambiguity and philosophical depth.",DARLING in the FRANXX,1,5,Features giant bio‑organisms and survival drama in a dystopian future.,X,1,5,"Cosmic horror and shapeshifting powers create a dark, philosophical conflict.",Death Note,1,5,Psychological cat‑and‑mouse game with an anti‑hero and deep moral questions.,JUJUTSU KAISEN,1,5,Urban curses and monstrous transformations echo Parasyte’s body‑horror themes.,Hunter x Hunter (2011),1,5,Philosophical adventure with survival elements and evolving powers.,Neon Genesis Evangelion,1,5,"Psychological sci‑fi with alien threats, body‑horror and existential questions."
101291,Rascal Does Not Dream of Bunny Girl Senpai,Rascal Does Not Dream of a Dreaming Girl,2,10,Direct sequel film that continues the Puberty Syndrome premise with Sakuta and Mai.,Rascal Does Not Dream of Santa Claus,2,9,"College‑set sequel expanding the same characters, memory‑manipulation themes and romance.",Rascal Does Not Dream of a Sister Venturing Out,2,8,"OVA focusing on Kaede’s rehabilitation, preserving the series’ blend of supernatural issues and coming‑of‑age drama.",Charlotte,2,8,"Centers on puberty‑related powers and emotional trauma, mirroring the core concept of Puberty Syndrome.",Bakemonogatari,2,8,Urban‑fantasy monologue series with teen cast and psychological supernatural phenomena similar to the seed.,Monogatari Series Second Season,2,7,Second season of Monogatari continues urban‑fantasy mysteries with teen cast and psychological depth.,Owarimonogatari Second Season,2,7,Later Monogatari arcs maintain the blend of psychological horror and romantic comedy.,The Detective Is Already Dead,2,7,"Combines memory manipulation, urban fantasy, and romance, appealing to fans of psychological supernatural drama.",Call of the Night,1,6,"Urban‑fantasy romance with a nocturnal, introspective vibe akin to the seed’s blend of supernatural and coming‑of‑age.",Mob Psycho 100,1,6,"Features a teen with suppressed powers and personal growth, matching the seed’s emotional tone.",xxxHOLiC,1,5,"High‑schooler confronts spirits in a quirky, psychological urban‑fantasy setting.",ERASED,1,5,"Time‑travel mystery with a teen protagonist confronting past trauma, resonating with the seed’s psychological depth.",Fruits Basket (2019),1,5,Supernatural family curse and teen romance that echo the seed’s emotional‑healing themes.,BEASTARS,1,5,"Coming‑of‑age drama with psychological tension, offering a different but emotionally resonant setting.",Revolutionary Girl Utena,1,5,"Surreal psychological romance with teen protagonists, sharing thematic depth with the seed."
21355,Re:ZERO -Starting Life in Another World-,Re:ZERO -Starting Life in Another World- Season 2,2,10,Direct continuation of Re:ZERO with new arcs and deeper character development.,Re:ZERO -Starting Life in Another World- Season 2 Part 2,2,9,Second half of Season 2 expands the death‑loop lore and Subaru’s struggle.,Re:ZERO -Starting Life in Another World- Season 3,2,9,Season 3 introduces fresh antagonists while deepening the time‑loop consequences.,The Promised Neverland Season 2,2,9,Shares Re:ZERO’s dark psychological tension and high‑stakes survival twists.,Re:ZERO -Starting Life in Another World- Season 4,2,8,Season 4 adds new settings and escalates the tragedy while keeping core themes.,Puella Magi Madoka Magica,2,8,Features time‑loop mechanics and tragic magical themes similar to Re:ZERO.,Fate/stay night [Heaven’s Feel] III. spring song,2,8,Dark magical conflict and intense emotional trauma echo Re:ZERO’s atmosphere.,Re:ZERO -Starting Life in Another World- OVAs,2,7,OVAs provide side stories that flesh out characters and world‑building for fans.,Akame ga Kill!,2,7,Gory action and anti‑hero tragedy appeal to Re:ZERO’s brutal narrative style.,JUJUTSU KAISEN,2,7,"Centers on curses and supernatural battles, matching Re:ZERO’s darker elements.",Attack on Titan,1,6,Post‑apocalyptic survival and moral ambiguity provide comparable emotional weight.,Death Note,1,6,Psychological cat‑and‑mouse thriller aligns with Re:ZERO’s mind‑games.,Made in Abyss: Dawn of the Deep Soul,1,5,Dark fantasy with tragic stakes and perilous exploration mirrors Re:ZERO’s grim world.,Revolutionary Girl Utena,1,5,Psychological drama and subversive tragedy resonate with Re:ZERO’s thematic depth.,Hunter x Hunter (2011),1,5,Complex characters and strategic battles appeal to fans of Re:ZERO’s intricate plot.
140960,SPY x FAMILY,SPY x FAMILY Season 2,2,10,"Direct continuation of the series, expanding the Forger family's missions.",SPY x FAMILY Season 3,2,9,Third season continues the espionage‑family blend with higher stakes.,SPY x FAMILY CODE: White,2,8,"Feature‑length film set in the same universe, keeping the same tone and characters.",SPY x FAMILY Cour 2,2,8,Second half of season 2 deepens the school arc and Operation Strix.,Buddy Daddies,2,7,Assassin duo caring for a child mirrors the found‑family comedy of SPY×FAMILY.,Bungo Stray Dogs,1,6,Detective agency with supernatural powers offers a similar action‑comedy vibe.,WITCH WATCH,1,6,"Magic‑filled witch duo forms a quirky found‑family, echoing the Forger household’s humor.",Mob Psycho 100,1,6,Psychic teen with comedic slice‑of‑life moments shares the humor‑supernatural mix.,My Hero Academia,1,5,Super‑powered heroes in a school setting provide ensemble action and comedy akin to SPY×FAMILY.,Fruits Basket (2019),1,5,Supernatural family secret and heart‑warming relationships echo the series’ tone.,The Disastrous Life of Saiki K.,1,5,Supernatural comedy about a gifted teen dealing with everyday life provides comparable humor.,HINAMATSURI,1,5,Super‑powered girl living with a reluctant adult creates a quirky family dynamic.,Undead Unluck,1,4,Action‑comedy with abnormal abilities and a reluctant partnership offers comparable energy.,Gabriel DropOut,1,4,"Angel‑demon comedy focuses on everyday life despite supernatural powers, similar light tone.",Tokyo Ravens,1,4,Magic‑focused school story with family‑like bonds and comedic moments aligns with the series.
199,Spirited Away,Kiki's Delivery Service,2,9,"A young witch learns independence in a whimsical urban fantasy, mirroring Chihiro’s growth.",Howl‘s Moving Castle,2,9,"A girl enters a magical world of curses and shapeshifting, echoing Spirited Away’s spirit realm.",Suzume,2,9,Modern Japanese setting with a teen heroine confronting supernatural doors and personal trauma.,The Boy and the Heron,2,8,"Miyazaki’s contemplative tale of a teen navigating a surreal, spirit‑filled world after loss.",The Ancient Magus' Bride,2,8,"Female lead bound to a magical youkai world, exploring contracts and otherworldly societies.",Fullmetal Alchemist: Brotherhood,2,8,Alchemical quest and strict rules of equivalent exchange parallel Chihiro’s journey through a rule‑bound spirit world.,Princess Mononoke,2,7,"Human protagonist confronts nature spirits and gods, reflecting the film’s spirit‑world conflict.",To Your Eternity,2,7,"An immortal shapeshifter learns humanity, echoing Chihiro’s transformative experience.",Witch Hat Atelier,2,7,"Girl pursues forbidden magic in a richly mythic setting, resonating with Chihiro’s apprenticeship.",The Twelve Kingdoms,1,6,"Female protagonist thrust into a youkai‑filled alternate realm, sharing isekai and coming‑of‑age themes.",The Boy and the Beast,1,6,"Orphan boy trains with beasts in a hidden world, offering a rite‑of‑passage parallel to Chihiro’s growth.",Re:ZERO -Starting Life in Another World-,1,5,"Isekai with time loops and curses, providing a darker but thematically related supernatural adventure.",JUJUTSU KAISEN,1,5,"Urban fantasy centered on curses and youkai, matching Spirited Away’s supernatural cityscape.",Twin Star Exorcists,1,5,"Twin exorcists battle demons in an urban setting, offering a lighter supernatural counterpart.",Mushoku Tensei: Jobless Reincarnation,1,5,"Isekai reincarnation story with magic and personal growth, echoing the otherworldly journey motif."
9253,Steins;Gate,Steins;Gate 0,2,10,Direct sequel continuing Okabe's time‑travel saga with the same cast and themes.,Steins;Gate The Movie – Load Region of Déjà Vu,2,9,Film sequel that concludes the original timeline while preserving the sci‑fi thriller tone.,Steins;Gate 0: 23β -Divide by Zero-,2,8,Alternate episode that deepens the alternate‑world premise and leads into Steins;Gate 0.,ID: INVADED,2,8,Psychological mystery about memory manipulation and virtual‑world investigation echoing Steins;Gate’s mind‑bending plot.,Serial Experiments Lain,2,7,"Denpa cyber‑psychology series exploring virtual reality and identity, thematically similar to Steins;Gate’s philosophical tech focus.",Paranoia Agent,2,7,Urban denpa thriller with memory distortion and existential dread akin to Steins;Gate’s tone.,PLUTO,1,6,Sci‑fi thriller featuring AI and memory manipulation that offers a cerebral feel for Steins;Gate fans.,Eden of the East,1,6,"Conspiracy‑driven story about a secret system and memory alteration, matching Steins;Gate’s tech‑heavy intrigue.",The Perfect Insider,1,6,Detective‑driven sci‑fi mystery with philosophical AI elements comparable to the series.,Vivy -Fluorite Eye's Song-,1,6,"AI protagonist rewrites history via time manipulation, sharing Steins;Gate’s blend of sci‑fi and philosophical stakes.",Texhnolyze,1,5,Dystopian cyber‑punk drama with philosophical themes and a bleak urban setting reminiscent of Steins;Gate’s darker moments.,BABYLON,1,5,"Urban conspiracy thriller with memory manipulation and philosophical undertones, appealing to Steins;Gate viewers.",Higurashi: When They Cry - GOU,1,5,Time‑loop mystery with denpa horror and conspiratorial plot that mirrors Steins;Gate’s tension.,Code Geass: Lelouch of the Rebellion,1,5,Strategic sci‑fi thriller with conspiracies and a charismatic anti‑hero echoing the series’ tension.,Neon Genesis Evangelion,1,5,Psychological mecha drama with existential dread and philosophical undertones similar to Steins;Gate.
11757,Sword Art Online,Sword Art Online the Movie: Ordinal Scale,2,10,"Direct SAO film sequel set after the original death game, continuing Kirito's story.",Sword Art Online II,2,9,"Second season of the main series, following Kirito into new virtual worlds and the Death Gun arc.",Sword Art Online the Movie -Progressive- Aria of a Starless Night,2,8,"Progressive film retells the Aincrad arc from Asuna’s perspective, deepening the original SAO narrative.",Sword Art Online the Movie -Progressive- Scherzo of Deep Night,2,8,"Continuation of the Progressive series, expanding the early‑game storyline with new challenges.",Sword Art Online: Alicization,2,7,"Later SAO arc where Kirito awakens in a new, expansive virtual world, maintaining core themes.",Sword Art Online EXTRA EDITION,1,6,"OVA spin‑off set in the SAO universe, offering light‑hearted side stories with the main cast.",Re:ZERO -Starting Life in Another World-,1,6,"Isekai series where Subaru relives a death‑loop world, sharing SAO’s high‑stakes survival vibe.",Is It Wrong to Try to Pick Up Girls in a Dungeon?,1,6,"Fantasy adventure about dungeon delving and romance, echoing SAO’s game‑like setting.",Sword Art Online (Original Movie),1,5,"Standalone SAO movie that revisits the series’ concepts, though with less impact than the main arcs.",Attack on Titan,1,5,"Post‑apocalyptic survival story with humanity fighting monstrous threats, similar tension and action.",Demon Slayer: Kimetsu no Yaiba,1,5,"Sword‑wielding teen hero battles demons in a tragic fantasy world, matching SAO’s action and emotional stakes.",JUJUTSU KAISEN,1,5,"Urban supernatural battles featuring teen sorcerers, comparable to SAO’s blend of action and teen drama.",Hunter x Hunter (2011),1,4,"Shounen adventure about hunters and diverse abilities, offering a broad fantasy exploration like SAO.",ONE PIECE,1,4,"Epic pirate adventure with a large ensemble and ongoing quest, appealing to fans of long‑running action series.",Tokyo Ghoul,1,4,"Dark urban fantasy where a teen becomes a half‑ghoul, providing a gritty survival tone akin to SAO’s darker moments."
20594,Sword Art Online II,Sword Art Online: Alicization,2,10,Direct sequel that continues Kirito's story in a new virtual world.,Sword Art Online: Alicization - War of Underworld,2,9,"Continues the Alicization arc with a full‑scale war, keeping the same setting and cast.",Sword Art Online: Alicization - War of Underworld Part 2,2,8,"Concludes the War of Underworld, providing the final resolution of the Alicization storyline.",Sword Art Online the Movie: Ordinal Scale,2,8,Post‑main‑arc movie that introduces AR tech while retaining the core SAO characters.,Sword Art Online,2,7,Original series establishes the death‑game VR premise that defines SAO II.,Sword Art Online EXTRA EDITION,1,6,Special episode expanding the SAO universe with additional ALO content.,Overlord,1,6,"Features a VRMMO world and an anti‑hero protagonist, appealing to SAO fans.",Shangri-La Frontier,1,6,"Comedy‑driven series about a player tackling high‑end VR games, sharing the virtual‑world focus.",Sword Art Online (Original Movie),1,5,Original SAO movie that offers a self‑contained story with the same cast and setting.,Shangri-La Frontier Season 2,1,5,Second season continues the VR game premise with higher stakes and new challenges.,Combatants Will Be Dispatched!,1,4,Parody of isekai and game mechanics that will amuse viewers who enjoy SAO’s meta‑gaming jokes.,Re:ZERO -Starting Life in Another World-,1,4,"Isekai with a time‑loop tragedy, sharing high‑stakes survival and emotional tone.",Hunter x Hunter (2011),1,4,Adventure‑heavy shounen with deep world‑building and strong character growth.,Fullmetal Alchemist: Brotherhood,1,4,Highly praised action‑adventure with tragedy and emotional stakes similar to SAO.,EDENS ZERO,1,4,Space‑faring adventure with a virtual‑world element and ensemble cast that fans of SAO may enjoy.
101280,That Time I Got Reincarnated as a Slime,That Time I Got Reincarnated as a Slime Season 2,2,9,"Continues Rimuru’s story directly, expanding the world and characters.",That Time I Got Reincarnated as a Slime Season 2 Part 2,2,9,"Concludes the second cour, deepening politics and alliances.",That Time I Got Reincarnated as a Slime Season 3,2,9,Shows Rimuru’s rise to Demon Lord and larger conflicts.,That Time I Got Reincarnated as a Slime Season 4,2,8,Advances kingdom‑building with new adversaries and world‑building.,That Time I Got Reincarnated as a Slime the Movie: Scarlet Bond,2,8,Introduces an original film storyline expanding the Slime universe.,"So I'm a Spider, So What?",2,8,Monster‑reincarnation isekai with similar humor and survival focus.,Cautious Hero: The Hero Is Overpowered but Overly Cautious,2,8,Overpowered cautious hero with comedic tone akin to Slime.,KONOSUBA -God's blessing on this wonderful world! 3,2,7,"Parody isekai with ensemble cast and absurd humor, appealing to Slime fans.",Is It Wrong to Try to Pick Up Girls in a Dungeon?,1,6,Dungeon‑exploration isekai with lively party and magic system.,The Seven Deadly Sins,1,6,Fantasy ensemble with kingdom politics and strong camaraderie.,Black Clover,1,6,Magic‑filled shounen with found‑family dynamics and power growth.,Fairy Tail,1,6,Guild‑based magic adventure with ensemble cast and friendship.,ONE PIECE,1,5,"Epic adventure with massive cast and world‑exploration, similar scope.",Yona of the Dawn,1,5,Princess‑led saga of alliance‑building and political intrigue.,Apocalypse Bringer Mynoghra: World Conquest Starts with the Civilization of Ruin,1,5,Isekai with kingdom management and strategic world‑conquest themes.
101759,The Promised Neverland,The Promised Neverland Season 2,2,10,Direct sequel continuing the story of the children’s escape.,Made in Abyss,2,9,Features child protagonists exploring a deadly abyss with similar survival horror and mystery.,Made in Abyss: Dawn of the Deep Soul,2,8,"Continues Made in Abyss with deeper horror and the enigmatic Bondrewd, matching the dark revelations of TPN.",Made in Abyss: The Golden City of the Scorching Sun,2,7,"Second season expands the abyss’s world, preserving the blend of wonder and peril akin to TPN’s setting.",Made in Abyss: Wandering Twilight,2,7,"Compilation recaps the latter half of Made in Abyss, reinforcing its thematic parallels.",From the New World,2,7,"Dystopian future where children with powers uncover hidden truths, echoing TPN’s conspiracy and survival.",Danganronpa: The Animation,2,7,"Death‑game anime with teen cast, mystery and high‑stakes survival similar to the orphanage’s peril.",Danganronpa 3: The End of Hope’s Peak High School - Despair Arc,2,7,"Concludes the Danganronpa series with despair‑filled school mystery, mirroring TPN’s tension and twists.",Talentless Nana,2,7,"School of super‑powered teens where a hidden assassin hunts classmates, sharing TPN’s secret‑identity thriller vibe.",Tokyo Ghoul,1,6,"Dark urban fantasy where a teen discovers a hidden world of ghouls, offering comparable horror and survival.",Higurashi: When They Cry - GOU,1,6,"Rural horror mystery with time loops and gruesome secrets, delivering the same unsettling atmosphere.",Attack on Titan,1,5,"Humanity’s fight against monstrous Titans in a walled city, providing a bleak survival setting like TPN.",Puella Magi Madoka Magica,1,5,"Magical‑girl series that subverts its genre with tragedy and psychological horror, akin to TPN’s dark tone.",Monster,1,4,"Psychological cat‑and‑mouse thriller focusing on a doctor’s moral dilemma, matching TPN’s suspenseful mystery.",Tomodachi Game,1,4,"Psychological survival game where friends must outwit deadly challenges, reflecting TPN’s strategic escape theme."
99263,The Rising of the Shield Hero,The Rising of the Shield Hero Season 2,2,10,"Direct continuation of Naofumi's story, preserving the dark isekai tone and anti‑hero themes.",The Rising of the Shield Hero Season 3,2,9,Expands the political intrigue and revenge plot that define the Shield Hero series.,The Rising of the Shield Hero Season 4,2,8,Continues the gritty world‑building and Naofumi’s anti‑hero journey with new threats.,Arifureta: From Commonplace to World's Strongest,2,8,"Dark isekai where the protagonist becomes an anti‑hero after betrayal, mirroring Shield Hero’s tone.",Re:ZERO -Starting Life in Another World-,2,8,Tragic isekai with death‑loop mechanics and a revenge‑driven protagonist.,Overlord,2,8,"Features an anti‑hero ruler, complex politics and expansive world‑building similar to Shield Hero.",Berserk,2,7,"Dark medieval fantasy centered on revenge and a lone anti‑hero, matching the grim atmosphere.",Redo of Healer,2,7,Revenge‑driven anti‑hero with extreme dark content and a betrayal premise akin to Shield Hero.,That Time I Got Reincarnated as a Slime,1,6,"Isekai with kingdom‑management and gradual power growth, offering similar world‑building but lighter tone.",Akame ga Kill!,1,5,"Shows anti‑hero themes, political corruption and brutal action, though with a different cast.",Fullmetal Alchemist: Brotherhood,1,5,Conspiracy‑laden plot and moral dilemmas of a tragic hero in a fantasy world resonate with Shield Hero.,Death Note,1,5,Psychological anti‑hero story with dark moral choices that appeal to Shield Hero’s grim side.,JUJUTSU KAISEN,1,5,"Modern dark supernatural action featuring an anti‑hero protagonist, offering a similar gritty vibe.",Hunter x Hunter (2011),1,5,"Adventure‑heavy shounen with a young male lead, dark moments and complex world‑building.",Sword Art Online: Alicization,1,5,"Isekai with a tragic hero, virtual‑world setting and deep political intrigue."
20789,The Seven Deadly Sins,The Seven Deadly Sins: Revival of the Commandments,2,10,Direct sequel continuing the main storyline with the same cast.,The Seven Deadly Sins: Imperial Wrath of the Gods,2,9,Third season expanding the war against demons and reintroducing key characters.,The Seven Deadly Sins: Dragon's Judgement,2,9,Final season concluding major arcs with the Demon King showdown.,The Seven Deadly Sins: Signs of A Holy War,2,8,"Original four‑part story set after the main arc, preserving tone and ensemble.",The Seven Deadly Sins: Cursed by Light,2,8,"Feature film bridging the final episodes, keeping the franchise’s humor and action.",The Seven Deadly Sins OVA,2,8,OVA episodes offering extra side stories and character moments.,Fullmetal Alchemist: Brotherhood,2,8,"Epic shounen fantasy with alchemy, war, and a strong ensemble cast.",My Hero Academia,2,7,"Superhero shounen with diverse powers, ensemble cast, and comedic tone similar to The Seven Deadly Sins.",Hunter x Hunter (2011),2,7,"Diverse cast, deep world‑building, and high‑stakes adventure reminiscent of the Sins.",Naruto: Shippuden,2,7,"Long‑running shounen with ensemble heroes, supernatural powers, and a mix of comedy and drama.",ONE PIECE,2,7,Ensemble pirate crew adventure with fantasy elements and a light‑hearted tone akin to the Sins.,Demon Slayer: Kimetsu no Yaiba,1,6,"Focuses on demon enemies and swordplay, offering a darker but thematically related experience.",Soul Eater,1,6,Supernatural school setting with ensemble teamwork and comedic moments.,KONOSUBA -God's blessing on this wonderful world!- Legend of Crimson,1,5,"Parody fantasy with a comedic ensemble and demon antagonists, matching the Sins' humor.",JUJUTSU KAISEN,1,5,"Modern supernatural shounen with curses and demons, matching the dark‑fantasy vibe."
20605,Tokyo Ghoul,Tokyo Ghoul √A,2,10,Direct sequel that continues Kaneki's transformation and the ghoul‑human conflict.,Tokyo Ghoul:re,2,9,"Follows immediately after √A, expanding the war between CCG and ghouls.",Tokyo Ghoul:re 2,2,8,"Second cour of Tokyo Ghoul:re, deepening Kaneki's anti‑hero arc.",Parasyte -the maxim-,2,8,"Body‑horror survival story with a parasite‑host anti‑hero, echoing ghoul themes.",Devilman Crybaby,2,8,Urban supernatural tragedy with a protagonist who becomes a monstrous anti‑hero.,Gantz,2,7,"Death‑game premise, graphic gore and urban setting similar to Tokyo Ghoul's survival tone.",GANTZ:O,2,7,"CGI‑heavy Gantz sequel, same lethal game and body‑horror elements.",Elfen Lied,2,7,Extreme body horror and a persecuted mutant protagonist parallel ghoul oppression.,Higurashi: When They Cry - GOU,1,6,"Psychological horror mystery with a pervasive sense of dread, akin to ghoul secrecy.",Uzumaki,1,6,Cosmic and body‑horror atmosphere that matches Tokyo Ghoul's grotesque tone.,Junji Ito Collection,1,5,"Anthology of grotesque horror stories fitting the dark, unsettling vibe.",Blood+,1,5,"Vampire anti‑hero with tragedy and urban battles, resonating with ghoul conflicts.",Kizumonogatari Part 3: Reiketsu,1,5,Vampire body‑horror film with intense gore and an anti‑heroic protagonist.,Attack on Titan,1,5,"Bleak survival against monstrous beings, sharing the grim worldbuilding.",7SEEDS,1,4,Post‑apocalyptic survival ensemble that mirrors the desperation of ghoul society.
120120,Tokyo Revengers,Tokyo Revengers: Santen Sensou-hen,2,10,Direct sequel continuing the gang‑time‑travel storyline.,Tokyo Revengers Season 2,2,9,Continues Takemichi’s struggle with time‑leaps and gang conflict.,Tokyo Revengers Season 2 Part 2,2,8,"Adapts the Tenjiku arc, deepening revenge and time‑travel plot.",JoJo's Bizarre Adventure: Diamond is Unbreakable,2,8,"Features delinquents, urban setting, and time‑loop powers, matching TR’s gang and supernatural themes.",Rascal Does Not Dream of a Dreaming Girl,2,7,"Explores time‑manipulation and tragic romance, echoing TR’s emotional core.",JoJo's Bizarre Adventure: Golden Wind,2,7,"Centers on mafia gangs, crime, and supernatural abilities, appealing to TR fans of gang drama.",Scott Pilgrim Takes Off,1,6,"Combines urban fantasy, romance, and time manipulation, resonating with TR’s blend of love and supernatural twists.",JUJUTSU KAISEN,1,6,"Urban supernatural battles with curses and a strong male lead, similar to TR’s gang conflicts.",Tokyo Ghoul,1,5,"Dark urban setting with gangs, tragedy and a male protagonist dealing with supernatural powers.",Death Note,1,5,"Urban supernatural thriller focusing on crime, moral conflict and a clever male lead.",Chainsaw Man – The Movie: Reze Arc,1,5,"Urban fantasy with romance, tragedy and supernatural abilities, appealing to TR fans.",Mob Psycho 100,1,5,"Urban setting, psychic powers and a male protagonist coping with emotional turmoil.",Shakugan no Shana,1,4,"Urban fantasy action with male lead, romance and supernatural battles.",Rokudo's Bad Girls,1,4,Delinquent‑focused comedy with gang‑like conflicts and supernatural twists.,High School of the Dead,0,3,"Zombie apocalypse survival in a high‑school setting, offering intense urban chaos."
4224,Toradora!,Kimi ni Todoke: From Me to You,2,9,Features a tsundere heroine and gentle high‑school romance with the same heartfelt slice‑of‑life tone as Toradora!,My Teen Romantic Comedy SNAFU,2,8,Witty high‑school romance with a cynical male lead and love‑triangle dynamics that echo Toradora!’s humor and drama.,Clannad,2,8,"Combines school drama and deep emotional arcs, delivering a bittersweet romance comparable to Toradora!.",Kimi ni Todoke: From Me to You Season 3,2,8,"Season 3 continues Sawako and Kazehaya’s relationship, offering the same warm, character‑driven romance.",My Teen Romantic Comedy SNAFU TOO!,2,8,"The second season deepens the cynical‑optimist dynamic of the original, keeping the sharp humor and romance.",The Quintessential Quintuplets,2,7,"Comedy‑driven school romance with a harem of tsundere girls, mirroring Toradora!’s love‑triangle humor.",The Pet Girl of Sakurasou,2,7,"Ensemble high‑school cast, love‑triangle, and personal growth make it a strong thematic match.",Fruits Basket (2019),2,7,"Shy heroine, family themes, and romantic slice‑of‑life vibes (despite mild supernatural elements) appeal to Toradora! fans.",The Quintessential Quintuplets Movie,2,7,"Movie sequel that wraps up the quintuplets’ romance, keeping the same comedic school setting.",Kimi ni Todoke: From Me to You Season 2,1,6,"Second season continues Sawako’s tsundere romance and school life, offering a solid follow‑up for fans.",ReLIFE,1,5,"Adult protagonist re‑enters high school, delivering reflective romance and emotional depth similar to Toradora!.",Waiting in the Summer,1,5,Summer‑set teen romance with an ensemble cast and slice‑of‑life moments that resonate with Toradora!’s tone.,Bottom-Tier Character Tomozaki,1,5,"Focuses on personal improvement and awkward love in a high‑school setting, echoing Toradora!’s growth theme.","Love, Chunibyo & Other Delusions",1,5,Chūnibyō antics and teen romance provide a quirky yet heartfelt blend similar to Toradora!.,WITCH WATCH,1,5,Supernatural comedy with a high‑school backdrop and romantic antics that match Toradora!’s slice‑of‑life charm.
101348,Vinland Saga,Vinland Saga Season 2,2,10,Direct sequel continuing Thorfinn’s arc with the same historical Viking setting.,Berserk,2,9,Dark medieval saga of revenge and anti‑heroism with brutal war and philosophical themes.,Dororo,2,8,"Feudal‑Japan tale of a cursed swordsman seeking vengeance, sharing anti‑heroic tone and tragic war backdrop.",The Heroic Legend of Arslan,2,8,Historical war drama about a young prince’s coming‑of‑age and political intrigue in a medieval setting.,Princess Mononoke,2,7,"Miyazaki’s epic explores war, nature, and moral philosophy in a mythic historical world.",Attack on Titan,2,7,"Massive conflict‑driven story with anti‑heroic protagonists, existential questions, and brutal warfare.",Fullmetal Alchemist: Brotherhood,1,6,"Seinen series examining war, sacrifice, and philosophy in a quasi‑historical fantasy world.",The Founder of Diabolism,1,5,Chinese historical fantasy featuring a tragic anti‑hero’s quest for revenge and power.,Ranking of Kings,1,5,"Medieval‑style coming‑of‑age story with a disabled prince, political scheming, and tragedy.",Yona of the Dawn,1,5,Historical fantasy following a princess’s revenge and quest to reclaim her kingdom.,Berserk: The Golden Age Arc - Memorial Edition,1,5,"Condensed film retelling of Berserk’s early arc, delivering similar dark revenge themes.",STEEL BALL RUN JoJo's Bizarre Adventure 1st STAGE,1,5,19th‑century American road‑race adventure with a disabled anti‑hero and gritty tone.,Porco Rosso,1,4,Interwar aviation tale with a philosophically reflective anti‑hero pilot.,Black Lagoon,0,3,"Gritty crime series featuring anti‑hero mercenaries, offering a modern counterpart to Vinland Saga’s violence.",Eureka Seven,0,3,"Mecha‑drama blending environmental concerns and coming‑of‑age amid conflict, a looser thematic match."
21827,Violet Evergarden,Violet Evergarden: the Movie,2,10,"The film continues Violet's emotional journey, deepening the themes of trauma, love, and healing introduced in the series.",Violet Evergarden: Eternity and the Auto Memory Doll,2,9,"A spin‑off film that shows Violet mentoring a grieving girl, reinforcing the series' focus on rehabilitation and mentorship.",Violet Evergarden: Special,2,8,A special episode that explores Violet’s post‑war recovery and her work as an Auto Memory Doll.,The Ancient Magus' Bride,2,8,"Features a traumatized female lead finding purpose through magic and a caring mentor, mirroring Violet’s healing arc.",The Ancient Magus' Bride Season 2,2,7,"Season 2 continues Chise’s self‑discovery and emotional recovery, a strong thematic parallel to Violet.",Haibane Renmei,2,7,"Explores rehabilitation, found family, and quiet melancholy with a female protagonist in a subtle fantasy setting.",Kino's Journey,1,6,"Episodic, philosophical travel stories that share Violet’s reflective tone and slice‑of‑life structure.",Kiki's Delivery Service,1,6,"A coming‑of‑age tale of a young witch learning independence and work, echoing Violet’s post‑war adjustment.",The Eccentric Family,1,5,"A drama‑fantasy about family, identity, and belonging that resonates with Violet’s themes of loss and connection.",WorldEnd: What are you doing at the end of the world? Are you busy? Will you save us?,1,5,"Post‑apocalyptic setting with a female protagonist confronting trauma and searching for purpose, similar to Violet’s war‑scarred background.",Ascendance of a Bookworm: Adopted Daughter of an Archduke,1,5,"A determined female lead uses writing and magic to navigate a new world, paralleling Violet’s literary focus.",Wolf Children,1,5,"Centers on parental love, tragedy, and supernatural elements, echoing Violet’s emotional core.",Somali and the Forest Spirit,1,5,"Gentle fantasy about a found family and healing journeys, aligning with Violet’s compassionate storytelling.",Windy Tales,1,4,"Iyashikei series with a female lead, photography, and philosophical moments that suit fans of Violet’s soothing tone.",Yuki Yuna is a Hero,1,4,"Features a female heroine confronting trauma and duty in a magical‑war setting, reflecting Violet’s post‑war themes."
21519,Your Name.,Weathering With You,2,10,Same director and a modern urban romance where supernatural weather powers echo the body‑time swapping of Your Name.,Orange,2,9,"Teen romance where future letters let characters alter the past, mirroring Your Name's time‑manipulation and emotional stakes.",Rascal Does Not Dream of Bunny Girl Senpai,2,8,"Features the ""puberty syndrome"" phenomenon with body swapping and memory glitches in a coming‑of‑age love story.",Rascal Does Not Dream of a Dreaming Girl,2,7,Sequel that deepens the supernatural romance and time‑loop elements introduced in the series.,Charlotte,2,7,"Teen protagonists wield powers like body swapping and time manipulation, delivering a tragic, supernatural drama.","The Tunnel to Summer, the Exit of Goodbyes",1,6,"Time‑manipulating tunnel, rural‑urban contrast, and bittersweet romance create a mood similar to Your Name.",Summer Pockets,1,6,"Island setting with time loops and memory loss focuses on youthful love and loss, echoing Your Name's themes.",Fireworks,1,5,Summer‑set film using alternate timelines and time‑shift romance reminiscent of Your Name's emotional core.,Kokoro Connect,1,5,"Club members experience random body swaps and other supernatural phenomena, offering a lighter take on similar concepts.",Clannad: After Story,1,4,"Heartfelt drama about love, family, and tragedy with subtle supernatural undertones.",Clannad,1,4,"Emotional high‑school romance that evolves into family drama, sharing Your Name's coming‑of‑age tone.",Fruits Basket The Final Season,1,4,"Supernatural family curse intertwined with teen romance and personal growth, similar in emotional weight.",Fruits Basket Season 2,0,3,Continues the Soma family's mythic transformations and heartfelt relationships.,Anohana the Movie: The Flower We Saw That Day,0,3,"Explores lingering grief and a supernatural reunion of childhood friends, matching Your Name's bittersweet vibe.",Tokyo Revengers,0,2,"Protagonist travels back in time to save loved ones, mixing romance and tragedy with a time‑travel premise."
20665,Your lie in April,Kids on the Slope,2,9,Jazz‑driven high‑school drama with a love triangle and deep emotional growth mirrors YLIAP’s musical and coming‑of‑age core.,Nodame Cantabile,2,9,Classical‑music college setting and a perfectionist pianist’s personal struggles echo Kousei’s journey.,Kono Oto Tomare!: Sounds of Life,2,8,"School music‑club story about friendship, performance pressure, and self‑discovery parallels YLIAP’s themes.",White Album 2,2,7,Love‑triangle in a school band with tragic romance captures the emotional intensity of YLIAP.,The Anthem of the Heart,2,7,"Musical‑theater rehab story about a sealed voice offers comparable tragedy, recovery, and romance.",given,1,6,"Band‑centered drama featuring trauma, rehabilitation, and strong emotional beats, though its BL focus narrows appeal.",Piano: The Melody of a Young Girl's Heart,1,6,Piano‑centric coming‑of‑age tale with a shy female lead mirrors the musical growth and personal hurdles of YLIAP.,Her Blue Sky,1,5,"Rock‑band love triangle with supernatural twists shares music, rehab, and emotional conflict, though the fantasy element is less aligned.",Doukyuusei -Classmates-,1,5,"Classical vocal competition drama focuses on artistic passion and teenage romance, offering a milder musical parallel.",NANA,1,5,"Mature rock‑music series with a love‑triangle tragedy provides a deeper, adult‑oriented music drama.",A Silent Voice,1,5,"Deals with disability, bullying, and redemption, resonating with YLIAP’s themes of loss and recovery.",Anohana: The Flower We Saw That Day,1,4,"Emotional reunion of friends and healing after tragedy parallels YLIAP’s heartfelt drama, though it lacks a music focus.",Kono Oto Tomare!: Sounds of Life Season 2,1,4,Sequel to Kono Oto Tomare! continues the music‑club atmosphere and character growth for fans seeking more of the same.,Chihayafuru,1,4,Intense competitive karuta sport reflects dedication and personal growth similar to YLIAP’s protagonist.,Clannad: After Story,1,4,Deeply emotional slice‑of‑life drama with tragedy and growth appeals to fans of heartfelt storytelling.
